O2_Delta,CO2_Delta,CO_Delta,Fuel Sample Material_1 cm   0.2 mm PMMA film,Fuel Sample Material_1 cm SIBAL,Fuel Sample Material_1 cm SIBAL   top side ign,Fuel Sample Material_1 cm wide 200 micron thick PMMA,Fuel Sample Material_1 cm wide PMMA 1 mm thick,Fuel Sample Material_1 cm wide PMMA 2 mm thick,Fuel Sample Material_1 cm wide PMMA 3 mm thick,Fuel Sample Material_1 cm wide PMMA 5 mm thick,Fuel Sample Material_1 mm thick PMMA   1 sided   2 cm,Fuel Sample Material_1 mm thick PMMA   2 cm wide,"Fuel Sample Material_1/2"" clear PMMA rod","Fuel Sample Material_1/2"" clear rod ",Fuel Sample Material_1/4 blac rod,Fuel Sample Material_1/4 black rod,Fuel Sample Material_1/4 clear rod,"Fuel Sample Material_1/4""  black rod","Fuel Sample Material_1/4"" black rod","Fuel Sample Material_1/4"" clear rod",Fuel Sample Material_100 micron PMMA film   2 cm wide,Fuel Sample Material_100 micron film   2 cm wide,Fuel Sample Material_2 cm   0.1 mm PMMA film,Fuel Sample Material_2 cm   0.2 mm PMMA film,Fuel Sample Material_2 cm   0.4 mm thick film,Fuel Sample Material_2 cm   4 mm 1 sided PMMA slab,Fuel Sample Material_2 cm 0.1 mm PMMA film,Fuel Sample Material_2 cm 100 micron thick PMMA,Fuel Sample Material_2 cm SIBAL,Fuel Sample Material_2 cm Sibal   moved igniter,Fuel Sample Material_2 cm wide   5 mm thick 1 sided PMMA,Fuel Sample Material_2 cm wide PMMA 2 mm thick,Fuel Sample Material_2 cm wide PMMA 3 mm thick,Fuel Sample Material_2 mm thick PMMA   2 cm wide,Fuel Sample Material_200 micron  2 cm wide ,Fuel Sample Material_200 micron PMMA film   2 cm wide,Fuel Sample Material_2mm thick PMMA   1 sided   2 cm wide,Fuel Sample Material_3 mm thick PMMA   2 sided   2 cm thick,Fuel Sample Material_3 mm thick PMMA 1 sided    2 cm wide,"Fuel Sample Material_3/8"" black rod","Fuel Sample Material_3/8"" clear rod","Fuel Sample Material_3/8""clear rod",Fuel Sample Material_300 micron PMMA film   2 cm wide ,Fuel Sample Material_300 micron film   2 cm wide,Fuel Sample Material_4 cm spherical section,Fuel Sample Material_4 mm thick   1 cm wide PMMA slab,Fuel Sample Material_4 mm thick   2 cm 2ide PMMA slab,Fuel Sample Material_4 mm thick PMMA   2 cm wide,Fuel Sample Material_400 micron film   2 cm wide,Fuel Sample Material_5 mm thick PMMA   2 cm wide,Fuel Sample Material_Japan Wax candle,Fuel Sample Material_Nomex natural (nomex III),Flow restrictor_1,Flow restrictor_2,O2_CO2_Ratio
-0.16281141290890502,-0.8732830435148684,-0.6175041137024294,-0.08838834764831843,-0.25712973861329,-0.08838834764831843,-0.20080483222562467,-0.08838834764831845,-0.08838834764831845,-0.08838834764831845,-0.08838834764831845,-0.08838834764831843,-0.12549116102763172,-0.17888543819998318,-0.08838834764831843,-0.08838834764831843,-0.12549116102763172,-0.08838834764831843,-0.08838834764831843,-0.3053200599093529,-0.36273812505500586,11.31370849898476,-0.08838834764831843,-0.12549116102763172,-0.12549116102763172,-0.08838834764831843,-0.08838834764831845,-0.08838834764831843,-0.1543033499620919,-0.3895968612369898,-0.08838834764831843,-0.08838834764831843,-0.08838834764831845,-0.08838834764831845,-0.08838834764831845,-0.08838834764831843,-0.08838834764831843,-0.08838834764831845,-0.08838834764831843,-0.08838834764831843,-0.23953506879020425,-0.2008048322256247,-0.12549116102763172,-0.08838834764831843,-0.08838834764831843,-0.12549116102763172,-0.08838834764831845,-0.08838834764831845,-0.08838834764831845,-0.08838834764831843,-0.1254911610276317,-0.08838834764831843,-0.1543033499620919,-0.3762883473534389,0.5265241901112212,-0.046585063000978914
5.049900016779339,-0.2917878424132469,-0.16277801518633442,-0.08838834764831843,-0.25712973861329,-0.08838834764831843,-0.20080483222562467,-0.08838834764831845,-0.08838834764831845,-0.08838834764831845,-0.08838834764831845,-0.08838834764831843,-0.12549116102763172,-0.17888543819998318,-0.08838834764831843,-0.08838834764831843,-0.12549116102763172,-0.08838834764831843,-0.08838834764831843,-0.3053200599093529,-0.36273812505500586,-0.08838834764831843,-0.08838834764831843,-0.12549116102763172,-0.12549116102763172,-0.08838834764831843,-0.08838834764831845,-0.08838834764831843,-0.1543033499620919,-0.3895968612369898,-0.08838834764831843,-0.08838834764831843,-0.08838834764831845,-0.08838834764831845,-0.08838834764831845,-0.08838834764831843,11.31370849898476,-0.08838834764831845,-0.08838834764831843,-0.08838834764831843,-0.23953506879020425,-0.2008048322256247,-0.12549116102763172,-0.08838834764831843,-0.08838834764831843,-0.12549116102763172,-0.08838834764831845,-0.08838834764831845,-0.08838834764831845,-0.08838834764831843,-0.1254911610276317,-0.08838834764831843,-0.1543033499620919,-0.3762883473534389,0.5265241901112212,-0.02062237687646604
-0.061593715245056004,-0.739091843260648,-0.6119586734766234,-0.08838834764831843,-0.25712973861329,-0.08838834764831843,-0.20080483222562467,-0.08838834764831845,-0.08838834764831845,-0.08838834764831845,-0.08838834764831845,-0.08838834764831843,-0.12549116102763172,-0.17888543819998318,-0.08838834764831843,-0.08838834764831843,-0.12549116102763172,-0.08838834764831843,-0.08838834764831843,-0.3053200599093529,-0.36273812505500586,-0.08838834764831843,11.31370849898476,-0.12549116102763172,-0.12549116102763172,-0.08838834764831843,-0.08838834764831845,-0.08838834764831843,-0.1543033499620919,-0.3895968612369898,-0.08838834764831843,-0.08838834764831843,-0.08838834764831845,-0.08838834764831845,-0.08838834764831845,-0.08838834764831843,-0.08838834764831843,-0.08838834764831845,-0.08838834764831843,-0.08838834764831843,-0.23953506879020425,-0.2008048322256247,-0.12549116102763172,-0.08838834764831843,-0.08838834764831843,-0.12549116102763172,-0.08838834764831845,-0.08838834764831845,-0.08838834764831845,-0.08838834764831843,-0.1254911610276317,-0.08838834764831843,-0.1543033499620919,-0.3762883473534389,0.5265241901112212,-0.044400780439905904
-0.16281141290890502,-0.716726643218278,-0.5897769125733993,-0.08838834764831843,-0.25712973861329,-0.08838834764831843,-0.20080483222562467,-0.08838834764831845,-0.08838834764831845,-0.08838834764831845,-0.08838834764831845,-0.08838834764831843,-0.12549116102763172,-0.17888543819998318,-0.08838834764831843,-0.08838834764831843,-0.12549116102763172,-0.08838834764831843,-0.08838834764831843,-0.3053200599093529,-0.36273812505500586,-0.08838834764831843,-0.08838834764831843,-0.12549116102763172,-0.12549116102763172,-0.08838834764831843,-0.08838834764831845,-0.08838834764831843,-0.1543033499620919,-0.3895968612369898,-0.08838834764831843,-0.08838834764831843,-0.08838834764831845,-0.08838834764831845,-0.08838834764831845,-0.08838834764831843,-0.08838834764831843,-0.08838834764831845,-0.08838834764831843,-0.08838834764831843,-0.23953506879020425,-0.2008048322256247,-0.12549116102763172,11.31370849898476,-0.08838834764831843,-0.12549116102763172,-0.08838834764831845,-0.08838834764831845,-0.08838834764831845,-0.08838834764831843,-0.1254911610276317,-0.08838834764831843,-0.1543033499620919,-0.3762883473534389,0.5265241901112212,-0.046585063000978914
-0.08689813966101781,-0.8732830435148684,-0.5842314723475932,-0.08838834764831843,-0.25712973861329,-0.08838834764831843,-0.20080483222562467,-0.08838834764831845,-0.08838834764831845,-0.08838834764831845,-0.08838834764831845,-0.08838834764831843,-0.12549116102763172,-0.17888543819998318,-0.08838834764831843,-0.08838834764831843,-0.12549116102763172,-0.08838834764831843,-0.08838834764831843,-0.3053200599093529,-0.36273812505500586,-0.08838834764831843,-0.08838834764831843,-0.12549116102763172,-0.12549116102763172,-0.08838834764831843,-0.08838834764831845,-0.08838834764831843,-0.1543033499620919,-0.3895968612369898,-0.08838834764831843,-0.08838834764831843,-0.08838834764831845,-0.08838834764831845,-0.08838834764831845,11.31370849898476,-0.08838834764831843,-0.08838834764831845,-0.08838834764831843,-0.08838834764831843,-0.23953506879020425,-0.2008048322256247,-0.12549116102763172,-0.08838834764831843,-0.08838834764831843,-0.12549116102763172,-0.08838834764831845,-0.08838834764831845,-0.08838834764831845,-0.08838834764831843,-0.1254911610276317,-0.08838834764831843,-0.1543033499620919,-0.3762883473534389,0.5265241901112212,9.784324673748447
-0.13750698849294232,-0.6943614431759081,-0.6491131229895238,-0.08838834764831843,-0.25712973861329,-0.08838834764831843,-0.20080483222562467,-0.08838834764831845,-0.08838834764831845,-0.08838834764831845,-0.08838834764831845,-0.08838834764831843,-0.12549116102763172,-0.17888543819998318,-0.08838834764831843,-0.08838834764831843,-0.12549116102763172,-0.08838834764831843,-0.08838834764831843,-0.3053200599093529,-0.36273812505500586,-0.08838834764831843,-0.08838834764831843,-0.12549116102763172,-0.12549116102763172,-0.08838834764831843,-0.08838834764831845,11.31370849898476,-0.1543033499620919,-0.3895968612369898,-0.08838834764831843,-0.08838834764831843,-0.08838834764831845,-0.08838834764831845,-0.08838834764831845,-0.08838834764831843,-0.08838834764831843,-0.08838834764831845,-0.08838834764831843,-0.08838834764831843,-0.23953506879020425,-0.2008048322256247,-0.12549116102763172,-0.08838834764831843,-0.08838834764831843,-0.12549116102763172,-0.08838834764831845,-0.08838834764831845,-0.08838834764831845,-0.08838834764831843,-0.1254911610276317,-0.08838834764831843,-0.1543033499620919,-0.3762883473534389,0.5265241901112212,-0.04617549295820303
-0.13750698849294324,-0.739091843260648,-0.562049711444369,-0.08838834764831843,-0.25712973861329,-0.08838834764831843,-0.20080483222562467,-0.08838834764831845,-0.08838834764831845,-0.08838834764831845,-0.08838834764831845,-0.08838834764831843,-0.12549116102763172,-0.17888543819998318,-0.08838834764831843,-0.08838834764831843,-0.12549116102763172,-0.08838834764831843,-0.08838834764831843,-0.3053200599093529,-0.36273812505500586,-0.08838834764831843,-0.08838834764831843,-0.12549116102763172,-0.12549116102763172,-0.08838834764831843,-0.08838834764831845,-0.08838834764831843,-0.1543033499620919,-0.3895968612369898,-0.08838834764831843,-0.08838834764831843,-0.08838834764831845,-0.08838834764831845,-0.08838834764831845,-0.08838834764831843,-0.08838834764831843,-0.08838834764831845,-0.08838834764831843,-0.08838834764831843,-0.23953506879020425,-0.2008048322256247,-0.12549116102763172,-0.08838834764831843,-0.08838834764831843,-0.12549116102763172,-0.08838834764831845,-0.08838834764831845,-0.08838834764831845,11.31370849898476,-0.1254911610276317,-0.08838834764831843,-0.1543033499620919,-0.3762883473534389,0.5265241901112212,-0.04603899236071068
-0.036289290829093296,-0.314153042455617,0.07567591452332516,-0.08838834764831843,-0.25712973861329,-0.08838834764831843,-0.20080483222562467,-0.08838834764831845,-0.08838834764831845,-0.08838834764831845,-0.08838834764831845,-0.08838834764831843,-0.12549116102763172,-0.17888543819998318,-0.08838834764831843,-0.08838834764831843,-0.12549116102763172,-0.08838834764831843,-0.08838834764831843,-0.3053200599093529,-0.36273812505500586,-0.08838834764831843,-0.08838834764831843,-0.12549116102763172,7.968688725254615,-0.08838834764831843,-0.08838834764831845,-0.08838834764831843,-0.1543033499620919,-0.3895968612369898,-0.08838834764831843,-0.08838834764831843,-0.08838834764831845,-0.08838834764831845,-0.08838834764831845,-0.08838834764831843,-0.08838834764831843,-0.08838834764831845,-0.08838834764831843,-0.08838834764831843,-0.23953506879020425,-0.2008048322256247,-0.12549116102763172,-0.08838834764831843,-0.08838834764831843,-0.12549116102763172,-0.08838834764831845,-0.08838834764831845,-0.08838834764831845,-0.08838834764831843,-0.1254911610276317,-0.08838834764831843,-0.1543033499620919,-0.3762883473534389,-1.899247971472619,-0.04592969523323967
-0.13750698849294232,-0.8285526434301285,-0.5953223527992053,-0.08838834764831843,-0.25712973861329,-0.08838834764831843,-0.20080483222562467,-0.08838834764831845,-0.08838834764831845,-0.08838834764831845,-0.08838834764831845,-0.08838834764831843,-0.12549116102763172,-0.17888543819998318,-0.08838834764831843,-0.08838834764831843,-0.12549116102763172,-0.08838834764831843,-0.08838834764831843,-0.3053200599093529,-0.36273812505500586,-0.08838834764831843,-0.08838834764831843,7.968688725254615,-0.12549116102763172,-0.08838834764831843,-0.08838834764831845,-0.08838834764831843,-0.1543033499620919,-0.3895968612369898,-0.08838834764831843,-0.08838834764831843,-0.08838834764831845,-0.08838834764831845,-0.08838834764831845,-0.08838834764831843,-0.08838834764831843,-0.08838834764831845,-0.08838834764831843,-0.08838834764831843,-0.23953506879020425,-0.2008048322256247,-0.12549116102763172,-0.08838834764831843,-0.08838834764831843,-0.12549116102763172,-0.08838834764831845,-0.08838834764831845,-0.08838834764831845,-0.08838834764831843,-0.1254911610276317,-0.08838834764831843,-0.1543033499620919,-0.3762883473534389,0.5265241901112212,-0.04494739687791552
-0.11220256407698051,-0.627265843048798,-0.5232316298637268,11.31370849898476,-0.25712973861329,-0.08838834764831843,-0.20080483222562467,-0.08838834764831845,-0.08838834764831845,-0.08838834764831845,-0.08838834764831845,-0.08838834764831843,-0.12549116102763172,-0.17888543819998318,-0.08838834764831843,-0.08838834764831843,-0.12549116102763172,-0.08838834764831843,-0.08838834764831843,-0.3053200599093529,-0.36273812505500586,-0.08838834764831843,-0.08838834764831843,-0.12549116102763172,-0.12549116102763172,-0.08838834764831843,-0.08838834764831845,-0.08838834764831843,-0.1543033499620919,-0.3895968612369898,-0.08838834764831843,-0.08838834764831843,-0.08838834764831845,-0.08838834764831845,-0.08838834764831845,-0.08838834764831843,-0.08838834764831843,-0.08838834764831845,-0.08838834764831843,-0.08838834764831843,-0.23953506879020425,-0.2008048322256247,-0.12549116102763172,-0.08838834764831843,-0.08838834764831843,-0.12549116102763172,-0.08838834764831845,-0.08838834764831845,-0.08838834764831845,-0.08838834764831843,-0.1254911610276317,-0.08838834764831843,-0.1543033499620919,-0.3762883473534389,0.5265241901112212,-0.04598930444952909
-0.08689813966101781,-0.5601702429216877,-0.39568650467018796,-0.08838834764831843,-0.25712973861329,-0.08838834764831843,-0.20080483222562467,-0.08838834764831845,-0.08838834764831845,-0.08838834764831845,-0.08838834764831845,-0.08838834764831843,-0.12549116102763172,-0.17888543819998318,-0.08838834764831843,-0.08838834764831843,-0.12549116102763172,-0.08838834764831843,-0.08838834764831843,-0.3053200599093529,-0.36273812505500586,-0.08838834764831843,-0.08838834764831843,-0.12549116102763172,7.968688725254615,-0.08838834764831843,-0.08838834764831845,-0.08838834764831843,-0.1543033499620919,-0.3895968612369898,-0.08838834764831843,-0.08838834764831843,-0.08838834764831845,-0.08838834764831845,-0.08838834764831845,-0.08838834764831843,-0.08838834764831843,-0.08838834764831845,-0.08838834764831843,-0.08838834764831843,-0.23953506879020425,-0.2008048322256247,-0.12549116102763172,-0.08838834764831843,-0.08838834764831843,-0.12549116102763172,-0.08838834764831845,-0.08838834764831845,-0.08838834764831845,-0.08838834764831843,-0.1254911610276317,-0.08838834764831843,-0.1543033499620919,-0.3762883473534389,0.5265241901112212,-0.045882905316759974
-0.13750698849294324,-0.7614570433030181,-0.562049711444369,-0.08838834764831843,-0.25712973861329,-0.08838834764831843,-0.20080483222562467,-0.08838834764831845,-0.08838834764831845,-0.08838834764831845,-0.08838834764831845,-0.08838834764831843,-0.12549116102763172,-0.17888543819998318,-0.08838834764831843,-0.08838834764831843,-0.12549116102763172,-0.08838834764831843,-0.08838834764831843,-0.3053200599093529,-0.36273812505500586,-0.08838834764831843,-0.08838834764831843,-0.12549116102763172,-0.12549116102763172,-0.08838834764831843,-0.08838834764831845,-0.08838834764831843,-0.1543033499620919,-0.3895968612369898,-0.08838834764831843,-0.08838834764831843,-0.08838834764831845,-0.08838834764831845,-0.08838834764831845,-0.08838834764831843,-0.08838834764831843,-0.08838834764831845,-0.08838834764831843,-0.08838834764831843,-0.23953506879020425,-0.2008048322256247,-0.12549116102763172,-0.08838834764831843,11.31370849898476,-0.12549116102763172,-0.08838834764831845,-0.08838834764831845,-0.08838834764831845,-0.08838834764831843,-0.1254911610276317,-0.08838834764831843,-0.1543033499620919,-0.3762883473534389,0.5265241901112212,-0.04592980007111494
-0.036289290829093296,-0.15759664215902627,-0.3125049012830974,-0.08838834764831843,-0.25712973861329,-0.08838834764831843,-0.20080483222562467,-0.08838834764831845,-0.08838834764831845,-0.08838834764831845,-0.08838834764831845,-0.08838834764831843,-0.12549116102763172,-0.17888543819998318,-0.08838834764831843,-0.08838834764831843,-0.12549116102763172,-0.08838834764831843,-0.08838834764831843,-0.3053200599093529,-0.36273812505500586,-0.08838834764831843,-0.08838834764831843,-0.12549116102763172,-0.12549116102763172,11.31370849898476,-0.08838834764831845,-0.08838834764831843,-0.1543033499620919,-0.3895968612369898,-0.08838834764831843,-0.08838834764831843,-0.08838834764831845,-0.08838834764831845,-0.08838834764831845,-0.08838834764831843,-0.08838834764831843,-0.08838834764831845,-0.08838834764831843,-0.08838834764831843,-0.23953506879020425,-0.2008048322256247,-0.12549116102763172,-0.08838834764831843,-0.08838834764831843,-0.12549116102763172,-0.08838834764831845,-0.08838834764831845,-0.08838834764831845,-0.08838834764831843,-0.1254911610276317,-0.08838834764831843,-0.1543033499620919,-0.3762883473534389,0.5265241901112212,-0.046073052452519525
-0.770117598892001,0.6922809594510362,-0.13061446187665943,-0.08838834764831843,-0.25712973861329,-0.08838834764831843,4.979959839195492,-0.08838834764831845,-0.08838834764831845,-0.08838834764831845,-0.08838834764831845,-0.08838834764831843,-0.12549116102763172,-0.17888543819998318,-0.08838834764831843,-0.08838834764831843,-0.12549116102763172,-0.08838834764831843,-0.08838834764831843,-0.3053200599093529,-0.36273812505500586,-0.08838834764831843,-0.08838834764831843,-0.12549116102763172,-0.12549116102763172,-0.08838834764831843,-0.08838834764831845,-0.08838834764831843,-0.1543033499620919,-0.3895968612369898,-0.08838834764831843,-0.08838834764831843,-0.08838834764831845,-0.08838834764831845,-0.08838834764831845,-0.08838834764831843,-0.08838834764831843,-0.08838834764831845,-0.08838834764831843,-0.08838834764831843,-0.23953506879020425,-0.2008048322256247,-0.12549116102763172,-0.08838834764831843,-0.08838834764831843,-0.12549116102763172,-0.08838834764831845,-0.08838834764831845,-0.08838834764831845,-0.08838834764831843,-0.1254911610276317,-0.08838834764831843,-0.1543033499620919,-0.3762883473534389,0.5265241901112212,-0.04770857949208612
-0.11220256407698051,-0.649631043091168,-0.5287770700895328,-0.08838834764831843,-0.25712973861329,-0.08838834764831843,-0.20080483222562467,-0.08838834764831845,-0.08838834764831845,-0.08838834764831845,-0.08838834764831845,-0.08838834764831843,-0.12549116102763172,-0.17888543819998318,-0.08838834764831843,-0.08838834764831843,-0.12549116102763172,-0.08838834764831843,-0.08838834764831843,-0.3053200599093529,-0.36273812505500586,-0.08838834764831843,-0.08838834764831843,7.968688725254615,-0.12549116102763172,-0.08838834764831843,-0.08838834764831845,-0.08838834764831843,-0.1543033499620919,-0.3895968612369898,-0.08838834764831843,-0.08838834764831843,-0.08838834764831845,-0.08838834764831845,-0.08838834764831845,-0.08838834764831843,-0.08838834764831843,-0.08838834764831845,-0.08838834764831843,-0.08838834764831843,-0.23953506879020425,-0.2008048322256247,-0.12549116102763172,-0.08838834764831843,-0.08838834764831843,-0.12549116102763172,-0.08838834764831845,-0.08838834764831845,-0.08838834764831845,-0.08838834764831843,-0.1254911610276317,-0.08838834764831843,-0.1543033499620919,-0.3762883473534389,-1.899247971472619,-0.04592973455137392
-0.13750698849294232,-0.7838222433453882,-0.562049711444369,-0.08838834764831843,-0.25712973861329,-0.08838834764831843,-0.20080483222562467,-0.08838834764831845,-0.08838834764831845,-0.08838834764831845,-0.08838834764831845,-0.08838834764831843,-0.12549116102763172,-0.17888543819998318,-0.08838834764831843,-0.08838834764831843,-0.12549116102763172,-0.08838834764831843,-0.08838834764831843,-0.3053200599093529,-0.36273812505500586,-0.08838834764831843,-0.08838834764831843,-0.12549116102763172,-0.12549116102763172,-0.08838834764831843,-0.08838834764831845,-0.08838834764831843,6.48074069840786,-0.3895968612369898,-0.08838834764831843,-0.08838834764831843,-0.08838834764831845,-0.08838834764831845,-0.08838834764831845,-0.08838834764831843,-0.08838834764831843,-0.08838834764831845,-0.08838834764831843,-0.08838834764831843,-0.23953506879020425,-0.2008048322256247,-0.12549116102763172,-0.08838834764831843,-0.08838834764831843,-0.12549116102763172,-0.08838834764831845,-0.08838834764831845,-0.08838834764831845,-0.08838834764831843,-0.1254911610276317,-0.08838834764831843,-0.1543033499620919,-0.3762883473534389,0.5265241901112212,-0.045766025282346114
-0.13750698849294232,-0.5601702429216875,-0.3901410644443819,-0.08838834764831843,-0.25712973861329,-0.08838834764831843,4.979959839195492,-0.08838834764831845,-0.08838834764831845,-0.08838834764831845,-0.08838834764831845,-0.08838834764831843,-0.12549116102763172,-0.17888543819998318,-0.08838834764831843,-0.08838834764831843,-0.12549116102763172,-0.08838834764831843,-0.08838834764831843,-0.3053200599093529,-0.36273812505500586,-0.08838834764831843,-0.08838834764831843,-0.12549116102763172,-0.12549116102763172,-0.08838834764831843,-0.08838834764831845,-0.08838834764831843,-0.1543033499620919,-0.3895968612369898,-0.08838834764831843,-0.08838834764831843,-0.08838834764831845,-0.08838834764831845,-0.08838834764831845,-0.08838834764831843,-0.08838834764831843,-0.08838834764831845,-0.08838834764831843,-0.08838834764831843,-0.23953506879020425,-0.2008048322256247,-0.12549116102763172,-0.08838834764831843,-0.08838834764831843,-0.12549116102763172,-0.08838834764831845,-0.08838834764831845,-0.08838834764831845,-0.08838834764831843,-0.1254911610276317,-0.08838834764831843,-0.1543033499620919,-0.3762883473534389,0.5265241901112212,-0.0463510104395726
-0.16281141290890502,-0.6943614431759081,-0.4788681080572785,-0.08838834764831843,-0.25712973861329,-0.08838834764831843,4.979959839195492,-0.08838834764831845,-0.08838834764831845,-0.08838834764831845,-0.08838834764831845,-0.08838834764831843,-0.12549116102763172,-0.17888543819998318,-0.08838834764831843,-0.08838834764831843,-0.12549116102763172,-0.08838834764831843,-0.08838834764831843,-0.3053200599093529,-0.36273812505500586,-0.08838834764831843,-0.08838834764831843,-0.12549116102763172,-0.12549116102763172,-0.08838834764831843,-0.08838834764831845,-0.08838834764831843,-0.1543033499620919,-0.3895968612369898,-0.08838834764831843,-0.08838834764831843,-0.08838834764831845,-0.08838834764831845,-0.08838834764831845,-0.08838834764831843,-0.08838834764831843,-0.08838834764831845,-0.08838834764831843,-0.08838834764831843,-0.23953506879020425,-0.2008048322256247,-0.12549116102763172,-0.08838834764831843,-0.08838834764831843,-0.12549116102763172,-0.08838834764831845,-0.08838834764831845,-0.08838834764831845,-0.08838834764831843,-0.1254911610276317,-0.08838834764831843,-0.1543033499620919,-0.3762883473534389,-1.899247971472619,-0.046585063000978914
-0.13750698849294232,-0.7390918432606483,-0.5842314723475932,-0.08838834764831843,-0.25712973861329,-0.08838834764831843,-0.20080483222562467,-0.08838834764831845,-0.08838834764831845,-0.08838834764831845,-0.08838834764831845,-0.08838834764831843,-0.12549116102763172,-0.17888543819998318,-0.08838834764831843,-0.08838834764831843,-0.12549116102763172,-0.08838834764831843,-0.08838834764831843,-0.3053200599093529,-0.36273812505500586,-0.08838834764831843,-0.08838834764831843,-0.12549116102763172,-0.12549116102763172,-0.08838834764831843,-0.08838834764831845,-0.08838834764831843,6.48074069840786,-0.3895968612369898,-0.08838834764831843,-0.08838834764831843,-0.08838834764831845,-0.08838834764831845,-0.08838834764831845,-0.08838834764831843,-0.08838834764831843,-0.08838834764831845,-0.08838834764831843,-0.08838834764831843,-0.23953506879020425,-0.2008048322256247,-0.12549116102763172,-0.08838834764831843,-0.08838834764831843,-0.12549116102763172,-0.08838834764831845,-0.08838834764831845,-0.08838834764831845,-0.08838834764831843,-0.1254911610276317,-0.08838834764831843,-0.1543033499620919,-0.3762883473534389,-1.899247971472619,-0.04603899236071065
-0.16281141290890502,-0.7614570433030183,-0.5121407494121147,-0.08838834764831843,-0.25712973861329,-0.08838834764831843,-0.20080483222562467,-0.08838834764831845,-0.08838834764831845,-0.08838834764831845,-0.08838834764831845,-0.08838834764831843,-0.12549116102763172,-0.17888543819998318,-0.08838834764831843,-0.08838834764831843,-0.12549116102763172,-0.08838834764831843,-0.08838834764831843,-0.3053200599093529,-0.36273812505500586,-0.08838834764831843,-0.08838834764831843,-0.12549116102763172,-0.12549116102763172,-0.08838834764831843,-0.08838834764831845,-0.08838834764831843,6.48074069840786,-0.3895968612369898,-0.08838834764831843,-0.08838834764831843,-0.08838834764831845,-0.08838834764831845,-0.08838834764831845,-0.08838834764831843,-0.08838834764831843,-0.08838834764831845,-0.08838834764831843,-0.08838834764831843,-0.23953506879020425,-0.2008048322256247,-0.12549116102763172,-0.08838834764831843,-0.08838834764831843,-0.12549116102763172,-0.08838834764831845,-0.08838834764831845,-0.08838834764831845,-0.08838834764831843,-0.1254911610276317,-0.08838834764831843,-0.1543033499620919,-0.3762883473534389,0.5265241901112212,-0.046585063000978914
-0.11220256407698051,-0.6943614431759079,-0.545413390766951,-0.08838834764831843,-0.25712973861329,-0.08838834764831843,4.979959839195492,-0.08838834764831845,-0.08838834764831845,-0.08838834764831845,-0.08838834764831845,-0.08838834764831843,-0.12549116102763172,-0.17888543819998318,-0.08838834764831843,-0.08838834764831843,-0.12549116102763172,-0.08838834764831843,-0.08838834764831843,-0.3053200599093529,-0.36273812505500586,-0.08838834764831843,-0.08838834764831843,-0.12549116102763172,-0.12549116102763172,-0.08838834764831843,-0.08838834764831845,-0.08838834764831843,-0.1543033499620919,-0.3895968612369898,-0.08838834764831843,-0.08838834764831843,-0.08838834764831845,-0.08838834764831845,-0.08838834764831845,-0.08838834764831843,-0.08838834764831843,-0.08838834764831845,-0.08838834764831843,-0.08838834764831843,-0.23953506879020425,-0.2008048322256247,-0.12549116102763172,-0.08838834764831843,-0.08838834764831843,-0.12549116102763172,-0.08838834764831845,-0.08838834764831845,-0.08838834764831845,-0.08838834764831843,-0.1254911610276317,-0.08838834764831843,-0.1543033499620919,2.6575364531836625,-1.899247971472619,-0.04576592291542716
-0.11220256407698051,-0.739091843260648,-0.5897769125733993,-0.08838834764831843,-0.25712973861329,-0.08838834764831843,4.979959839195492,-0.08838834764831845,-0.08838834764831845,-0.08838834764831845,-0.08838834764831845,-0.08838834764831843,-0.12549116102763172,-0.17888543819998318,-0.08838834764831843,-0.08838834764831843,-0.12549116102763172,-0.08838834764831843,-0.08838834764831843,-0.3053200599093529,-0.36273812505500586,-0.08838834764831843,-0.08838834764831843,-0.12549116102763172,-0.12549116102763172,-0.08838834764831843,-0.08838834764831845,-0.08838834764831843,-0.1543033499620919,-0.3895968612369898,-0.08838834764831843,-0.08838834764831843,-0.08838834764831845,-0.08838834764831845,-0.08838834764831845,-0.08838834764831843,-0.08838834764831843,-0.08838834764831845,-0.08838834764831843,-0.08838834764831843,-0.23953506879020425,-0.2008048322256247,-0.12549116102763172,-0.08838834764831843,-0.08838834764831843,-0.12549116102763172,-0.08838834764831845,-0.08838834764831845,-0.08838834764831845,-0.08838834764831843,-0.1254911610276317,-0.08838834764831843,-0.1543033499620919,2.6575364531836625,-1.899247971472619,-0.04549292172044241
-0.16281141290890502,-0.8956482435572385,-0.6396858746056535,-0.08838834764831843,-0.25712973861329,-0.08838834764831843,-0.20080483222562467,-0.08838834764831845,-0.08838834764831845,-0.08838834764831845,-0.08838834764831845,-0.08838834764831843,-0.12549116102763172,-0.17888543819998318,-0.08838834764831843,-0.08838834764831843,-0.12549116102763172,-0.08838834764831843,-0.08838834764831843,-0.3053200599093529,-0.36273812505500586,-0.08838834764831843,-0.08838834764831843,-0.12549116102763172,-0.12549116102763172,-0.08838834764831843,-0.08838834764831845,-0.08838834764831843,-0.1543033499620919,-0.3895968612369898,-0.08838834764831843,-0.08838834764831843,-0.08838834764831845,-0.08838834764831845,-0.08838834764831845,-0.08838834764831843,-0.08838834764831843,-0.08838834764831845,-0.08838834764831843,-0.08838834764831843,-0.23953506879020425,-0.2008048322256247,-0.12549116102763172,-0.08838834764831843,-0.08838834764831843,-0.12549116102763172,-0.08838834764831845,-0.08838834764831845,-0.08838834764831845,-0.08838834764831843,-0.1254911610276317,-0.08838834764831843,6.48074069840786,-0.3762883473534389,0.5265241901112212,-0.046585063000978914
-0.16281141290890502,-0.8285526434301282,-0.7783218802508044,-0.08838834764831843,-0.25712973861329,-0.08838834764831843,-0.20080483222562467,-0.08838834764831845,-0.08838834764831845,-0.08838834764831845,-0.08838834764831845,-0.08838834764831843,-0.12549116102763172,-0.17888543819998318,-0.08838834764831843,-0.08838834764831843,-0.12549116102763172,-0.08838834764831843,-0.08838834764831843,-0.3053200599093529,-0.36273812505500586,-0.08838834764831843,-0.08838834764831843,-0.12549116102763172,-0.12549116102763172,-0.08838834764831843,-0.08838834764831845,-0.08838834764831843,-0.1543033499620919,-0.3895968612369898,-0.08838834764831843,-0.08838834764831843,-0.08838834764831845,-0.08838834764831845,-0.08838834764831845,-0.08838834764831843,-0.08838834764831843,-0.08838834764831845,-0.08838834764831843,-0.08838834764831843,-0.23953506879020425,-0.2008048322256247,-0.12549116102763172,-0.08838834764831843,-0.08838834764831843,-0.12549116102763172,-0.08838834764831845,-0.08838834764831845,-0.08838834764831845,-0.08838834764831843,-0.1254911610276317,-0.08838834764831843,6.48074069840786,-0.3762883473534389,0.5265241901112212,-0.046585063000978914
0.925278836977476,-0.11286624207428635,-0.14059625428311026,-0.08838834764831843,-0.25712973861329,-0.08838834764831843,-0.20080483222562467,-0.08838834764831845,-0.08838834764831845,-0.08838834764831845,-0.08838834764831845,-0.08838834764831843,-0.12549116102763172,-0.17888543819998318,-0.08838834764831843,-0.08838834764831843,-0.12549116102763172,-0.08838834764831843,-0.08838834764831843,-0.3053200599093529,-0.36273812505500586,-0.08838834764831843,-0.08838834764831843,-0.12549116102763172,-0.12549116102763172,-0.08838834764831843,-0.08838834764831845,-0.08838834764831843,-0.1543033499620919,-0.3895968612369898,-0.08838834764831843,-0.08838834764831843,-0.08838834764831845,-0.08838834764831845,-0.08838834764831845,-0.08838834764831843,-0.08838834764831843,-0.08838834764831845,-0.08838834764831843,-0.08838834764831843,-0.23953506879020425,-0.2008048322256247,-0.12549116102763172,-0.08838834764831843,-0.08838834764831843,-0.12549116102763172,-0.08838834764831845,-0.08838834764831845,-0.08838834764831845,-0.08838834764831843,-0.1254911610276317,-0.08838834764831843,6.48074069840786,2.6575364531836625,-1.899247971472619,-0.042440781767287515
-0.16281141290890502,-0.649631043091168,-0.46223178737986037,-0.08838834764831843,-0.25712973861329,-0.08838834764831843,-0.20080483222562467,-0.08838834764831845,-0.08838834764831845,-0.08838834764831845,-0.08838834764831845,-0.08838834764831843,-0.12549116102763172,-0.17888543819998318,-0.08838834764831843,-0.08838834764831843,-0.12549116102763172,-0.08838834764831843,-0.08838834764831843,-0.3053200599093529,-0.36273812505500586,-0.08838834764831843,-0.08838834764831843,-0.12549116102763172,-0.12549116102763172,-0.08838834764831843,-0.08838834764831845,-0.08838834764831843,-0.1543033499620919,-0.3895968612369898,-0.08838834764831843,-0.08838834764831843,-0.08838834764831845,-0.08838834764831845,-0.08838834764831845,-0.08838834764831843,-0.08838834764831843,-0.08838834764831845,-0.08838834764831843,-0.08838834764831843,-0.23953506879020425,-0.2008048322256247,-0.12549116102763172,-0.08838834764831843,-0.08838834764831843,-0.12549116102763172,-0.08838834764831845,-0.08838834764831845,-0.08838834764831845,-0.08838834764831843,-0.1254911610276317,11.31370849898476,-0.1543033499620919,-0.3762883473534389,0.5265241901112212,-0.046585063000978914
-0.08689813966101781,-0.5154398428369475,-0.31805034150890343,-0.08838834764831843,-0.25712973861329,-0.08838834764831843,-0.20080483222562467,-0.08838834764831845,-0.08838834764831845,-0.08838834764831845,-0.08838834764831845,11.31370849898476,-0.12549116102763172,-0.17888543819998318,-0.08838834764831843,-0.08838834764831843,-0.12549116102763172,-0.08838834764831843,-0.08838834764831843,-0.3053200599093529,-0.36273812505500586,-0.08838834764831843,-0.08838834764831843,-0.12549116102763172,-0.12549116102763172,-0.08838834764831843,-0.08838834764831845,-0.08838834764831843,-0.1543033499620919,-0.3895968612369898,-0.08838834764831843,-0.08838834764831843,-0.08838834764831845,-0.08838834764831845,-0.08838834764831845,-0.08838834764831843,-0.08838834764831843,-0.08838834764831845,-0.08838834764831843,-0.08838834764831843,-0.23953506879020425,-0.2008048322256247,-0.12549116102763172,-0.08838834764831843,-0.08838834764831843,-0.12549116102763172,-0.08838834764831845,-0.08838834764831845,-0.08838834764831845,-0.08838834764831843,-0.1254911610276317,-0.08838834764831843,-0.1543033499620919,-0.3762883473534389,0.5265241901112212,-0.045970669542023265
0.09023283125071843,1.0724893601713277,1.0849460356200238,-0.08838834764831843,-0.25712973861329,-0.08838834764831843,-0.20080483222562467,-0.08838834764831845,-0.08838834764831845,-0.08838834764831845,-0.08838834764831845,-0.08838834764831843,-0.12549116102763172,-0.17888543819998318,-0.08838834764831843,-0.08838834764831843,-0.12549116102763172,-0.08838834764831843,-0.08838834764831843,-0.3053200599093529,-0.36273812505500586,-0.08838834764831843,-0.08838834764831843,-0.12549116102763172,-0.12549116102763172,-0.08838834764831843,-0.08838834764831845,-0.08838834764831843,-0.1543033499620919,-0.3895968612369898,-0.08838834764831843,-0.08838834764831843,-0.08838834764831845,-0.08838834764831845,-0.08838834764831845,-0.08838834764831843,-0.08838834764831843,-0.08838834764831845,-0.08838834764831843,11.31370849898476,-0.23953506879020425,-0.2008048322256247,-0.12549116102763172,-0.08838834764831843,-0.08838834764831843,-0.12549116102763172,-0.08838834764831845,-0.08838834764831845,-0.08838834764831845,-0.08838834764831843,-0.1254911610276317,-0.08838834764831843,-0.1543033499620919,-0.3762883473534389,-1.899247971472619,-0.046208404122086745
0.11553725566668115,1.0277589600865868,0.9518554702006791,-0.08838834764831843,-0.25712973861329,-0.08838834764831843,-0.20080483222562467,-0.08838834764831845,-0.08838834764831845,-0.08838834764831845,-0.08838834764831845,-0.08838834764831843,-0.12549116102763172,-0.17888543819998318,-0.08838834764831843,-0.08838834764831843,-0.12549116102763172,-0.08838834764831843,-0.08838834764831843,-0.3053200599093529,-0.36273812505500586,-0.08838834764831843,-0.08838834764831843,-0.12549116102763172,-0.12549116102763172,-0.08838834764831843,-0.08838834764831845,-0.08838834764831843,-0.1543033499620919,-0.3895968612369898,-0.08838834764831843,11.31370849898476,-0.08838834764831845,-0.08838834764831845,-0.08838834764831845,-0.08838834764831843,-0.08838834764831843,-0.08838834764831845,-0.08838834764831843,-0.08838834764831843,-0.23953506879020425,-0.2008048322256247,-0.12549116102763172,-0.08838834764831843,-0.08838834764831843,-0.12549116102763172,-0.08838834764831845,-0.08838834764831845,-0.08838834764831845,-0.08838834764831843,-0.1254911610276317,-0.08838834764831843,-0.1543033499620919,-0.3762883473534389,0.5265241901112212,-0.04616098953084624
0.3432770754103419,2.995896563815153,2.449124331168309,-0.08838834764831843,-0.25712973861329,-0.08838834764831843,-0.20080483222562467,-0.08838834764831845,-0.08838834764831845,-0.08838834764831845,-0.08838834764831845,-0.08838834764831843,-0.12549116102763172,-0.17888543819998318,-0.08838834764831843,-0.08838834764831843,-0.12549116102763172,-0.08838834764831843,-0.08838834764831843,-0.3053200599093529,-0.36273812505500586,-0.08838834764831843,-0.08838834764831843,-0.12549116102763172,-0.12549116102763172,-0.08838834764831843,-0.08838834764831845,-0.08838834764831843,-0.1543033499620919,-0.3895968612369898,-0.08838834764831843,-0.08838834764831843,-0.08838834764831845,-0.08838834764831845,-0.08838834764831845,-0.08838834764831843,-0.08838834764831843,-0.08838834764831845,-0.08838834764831843,-0.08838834764831843,-0.23953506879020425,-0.2008048322256247,-0.12549116102763172,-0.08838834764831843,-0.08838834764831843,-0.12549116102763172,-0.08838834764831845,-0.08838834764831845,-0.08838834764831845,-0.08838834764831843,7.968688725254613,-0.08838834764831843,-0.1543033499620919,2.6575364531836625,-1.899247971472619,-0.04620622473851225
0.64693016840189,5.34424256826401,-0.17941433586375252,-0.08838834764831843,-0.25712973861329,-0.08838834764831843,-0.20080483222562467,-0.08838834764831845,-0.08838834764831845,-0.08838834764831845,-0.08838834764831845,-0.08838834764831843,-0.12549116102763172,-0.17888543819998318,-0.08838834764831843,-0.08838834764831843,-0.12549116102763172,-0.08838834764831843,-0.08838834764831843,-0.3053200599093529,-0.36273812505500586,-0.08838834764831843,-0.08838834764831843,-0.12549116102763172,-0.12549116102763172,-0.08838834764831843,-0.08838834764831845,-0.08838834764831843,-0.1543033499620919,-0.3895968612369898,-0.08838834764831843,-0.08838834764831843,-0.08838834764831845,-0.08838834764831845,-0.08838834764831845,-0.08838834764831843,-0.08838834764831843,-0.08838834764831845,11.31370849898476,-0.08838834764831843,-0.23953506879020425,-0.2008048322256247,-0.12549116102763172,-0.08838834764831843,-0.08838834764831843,-0.12549116102763172,-0.08838834764831845,-0.08838834764831845,-0.08838834764831845,-0.08838834764831843,-0.1254911610276317,-0.08838834764831843,-0.1543033499620919,-0.3762883473534389,-1.899247971472619,-0.04620785918807179
0.11553725566668115,1.1172197602560676,1.256854682620011,-0.08838834764831843,-0.25712973861329,-0.08838834764831843,-0.20080483222562467,-0.08838834764831845,-0.08838834764831845,-0.08838834764831845,-0.08838834764831845,-0.08838834764831843,7.968688725254614,-0.17888543819998318,-0.08838834764831843,-0.08838834764831843,-0.12549116102763172,-0.08838834764831843,-0.08838834764831843,-0.3053200599093529,-0.36273812505500586,-0.08838834764831843,-0.08838834764831843,-0.12549116102763172,-0.12549116102763172,-0.08838834764831843,-0.08838834764831845,-0.08838834764831843,-0.1543033499620919,-0.3895968612369898,-0.08838834764831843,-0.08838834764831843,-0.08838834764831845,-0.08838834764831845,-0.08838834764831845,-0.08838834764831843,-0.08838834764831843,-0.08838834764831845,-0.08838834764831843,-0.08838834764831843,-0.23953506879020425,-0.2008048322256247,-0.12549116102763172,-0.08838834764831843,-0.08838834764831843,-0.12549116102763172,-0.08838834764831845,-0.08838834764831845,-0.08838834764831845,-0.08838834764831843,-0.1254911610276317,-0.08838834764831843,-0.1543033499620919,2.6575364531836625,-1.899247971472619,-0.04618004879850088
-0.036289290829093296,0.0660553582646746,0.5359474532652262,-0.08838834764831843,-0.25712973861329,-0.08838834764831843,-0.20080483222562467,11.313708498984761,-0.08838834764831845,-0.08838834764831845,-0.08838834764831845,-0.08838834764831843,-0.12549116102763172,-0.17888543819998318,-0.08838834764831843,-0.08838834764831843,-0.12549116102763172,-0.08838834764831843,-0.08838834764831843,-0.3053200599093529,-0.36273812505500586,-0.08838834764831843,-0.08838834764831843,-0.12549116102763172,-0.12549116102763172,-0.08838834764831843,-0.08838834764831845,-0.08838834764831843,-0.1543033499620919,-0.3895968612369898,-0.08838834764831843,-0.08838834764831843,-0.08838834764831845,-0.08838834764831845,-0.08838834764831845,-0.08838834764831843,-0.08838834764831843,-0.08838834764831845,-0.08838834764831843,-0.08838834764831843,-0.23953506879020425,-0.2008048322256247,-0.12549116102763172,-0.08838834764831843,-0.08838834764831843,-0.12549116102763172,-0.08838834764831845,-0.08838834764831845,-0.08838834764831845,-0.08838834764831843,-0.1254911610276317,-0.08838834764831843,-0.1543033499620919,-0.3762883473534389,0.5265241901112212,-0.04619495682347721
0.06492840683475663,1.0053937600442173,1.6505809386522396,-0.08838834764831843,-0.25712973861329,-0.08838834764831843,-0.20080483222562467,-0.08838834764831845,11.313708498984761,-0.08838834764831845,-0.08838834764831845,-0.08838834764831843,-0.12549116102763172,-0.17888543819998318,-0.08838834764831843,-0.08838834764831843,-0.12549116102763172,-0.08838834764831843,-0.08838834764831843,-0.3053200599093529,-0.36273812505500586,-0.08838834764831843,-0.08838834764831843,-0.12549116102763172,-0.12549116102763172,-0.08838834764831843,-0.08838834764831845,-0.08838834764831843,-0.1543033499620919,-0.3895968612369898,-0.08838834764831843,-0.08838834764831843,-0.08838834764831845,-0.08838834764831845,-0.08838834764831845,-0.08838834764831843,-0.08838834764831843,-0.08838834764831845,-0.08838834764831843,-0.08838834764831843,-0.23953506879020425,-0.2008048322256247,-0.12549116102763172,-0.08838834764831843,-0.08838834764831843,-0.12549116102763172,-0.08838834764831845,-0.08838834764831845,-0.08838834764831845,-0.08838834764831843,-0.1254911610276317,-0.08838834764831843,-0.1543033499620919,-0.3762883473534389,0.5265241901112212,-0.046233963261568096
-0.061593715245056004,-0.2470574423285065,0.40840232807168736,-0.08838834764831843,-0.25712973861329,-0.08838834764831843,-0.20080483222562467,-0.08838834764831845,-0.08838834764831845,11.313708498984761,-0.08838834764831845,-0.08838834764831843,-0.12549116102763172,-0.17888543819998318,-0.08838834764831843,-0.08838834764831843,-0.12549116102763172,-0.08838834764831843,-0.08838834764831843,-0.3053200599093529,-0.36273812505500586,-0.08838834764831843,-0.08838834764831843,-0.12549116102763172,-0.12549116102763172,-0.08838834764831843,-0.08838834764831845,-0.08838834764831843,-0.1543033499620919,-0.3895968612369898,-0.08838834764831843,-0.08838834764831843,-0.08838834764831845,-0.08838834764831845,-0.08838834764831845,-0.08838834764831843,-0.08838834764831843,-0.08838834764831845,-0.08838834764831843,-0.08838834764831843,-0.23953506879020425,-0.2008048322256247,-0.12549116102763172,-0.08838834764831843,-0.08838834764831843,-0.12549116102763172,-0.08838834764831845,-0.08838834764831845,-0.08838834764831845,-0.08838834764831843,-0.1254911610276317,-0.08838834764831843,-0.1543033499620919,-0.3762883473534389,0.5265241901112212,-0.04611694116072325
0.21675495333053016,1.8776365616966497,2.327124646200576,-0.08838834764831843,-0.25712973861329,-0.08838834764831843,-0.20080483222562467,-0.08838834764831845,-0.08838834764831845,-0.08838834764831845,-0.08838834764831845,-0.08838834764831843,-0.12549116102763172,-0.17888543819998318,-0.08838834764831843,-0.08838834764831843,-0.12549116102763172,-0.08838834764831843,-0.08838834764831843,-0.3053200599093529,-0.36273812505500586,-0.08838834764831843,-0.08838834764831843,-0.12549116102763172,-0.12549116102763172,-0.08838834764831843,-0.08838834764831845,-0.08838834764831843,-0.1543033499620919,-0.3895968612369898,-0.08838834764831843,-0.08838834764831843,-0.08838834764831845,-0.08838834764831845,-0.08838834764831845,-0.08838834764831843,-0.08838834764831843,-0.08838834764831845,-0.08838834764831843,-0.08838834764831843,-0.23953506879020425,-0.2008048322256247,-0.12549116102763172,-0.08838834764831843,-0.08838834764831843,-0.12549116102763172,11.313708498984761,-0.08838834764831845,-0.08838834764831845,-0.08838834764831843,-0.1254911610276317,-0.08838834764831843,-0.1543033499620919,-0.3762883473534389,0.5265241901112212,-0.046185435772877134
0.21675495333053016,1.586888961145839,2.29385200484574,-0.08838834764831843,-0.25712973861329,-0.08838834764831843,-0.20080483222562467,-0.08838834764831845,-0.08838834764831845,-0.08838834764831845,11.313708498984761,-0.08838834764831843,-0.12549116102763172,-0.17888543819998318,-0.08838834764831843,-0.08838834764831843,-0.12549116102763172,-0.08838834764831843,-0.08838834764831843,-0.3053200599093529,-0.36273812505500586,-0.08838834764831843,-0.08838834764831843,-0.12549116102763172,-0.12549116102763172,-0.08838834764831843,-0.08838834764831845,-0.08838834764831843,-0.1543033499620919,-0.3895968612369898,-0.08838834764831843,-0.08838834764831843,-0.08838834764831845,-0.08838834764831845,-0.08838834764831845,-0.08838834764831843,-0.08838834764831843,-0.08838834764831845,-0.08838834764831843,-0.08838834764831843,-0.23953506879020425,-0.2008048322256247,-0.12549116102763172,-0.08838834764831843,-0.08838834764831843,-0.12549116102763172,-0.08838834764831845,-0.08838834764831845,-0.08838834764831845,-0.08838834764831843,-0.1254911610276317,-0.08838834764831843,-0.1543033499620919,-0.3762883473534389,0.5265241901112212,-0.04613820752981277
0.16614610449860565,1.3632369607221382,1.722671661587718,-0.08838834764831843,-0.25712973861329,-0.08838834764831843,-0.20080483222562467,-0.08838834764831845,-0.08838834764831845,-0.08838834764831845,-0.08838834764831845,-0.08838834764831843,-0.12549116102763172,-0.17888543819998318,-0.08838834764831843,-0.08838834764831843,-0.12549116102763172,-0.08838834764831843,-0.08838834764831843,-0.3053200599093529,-0.36273812505500586,-0.08838834764831843,-0.08838834764831843,-0.12549116102763172,-0.12549116102763172,-0.08838834764831843,-0.08838834764831845,-0.08838834764831843,-0.1543033499620919,-0.3895968612369898,-0.08838834764831843,-0.08838834764831843,-0.08838834764831845,-0.08838834764831845,11.313708498984761,-0.08838834764831843,-0.08838834764831843,-0.08838834764831845,-0.08838834764831843,-0.08838834764831843,-0.23953506879020425,-0.2008048322256247,-0.12549116102763172,-0.08838834764831843,-0.08838834764831843,-0.12549116102763172,-0.08838834764831845,-0.08838834764831845,-0.08838834764831845,-0.08838834764831843,-0.1254911610276317,-0.08838834764831843,-0.1543033499620919,2.6575364531836625,-1.899247971472619,-0.04615906117240473
0.2926682265784174,2.2354797623745704,2.049852634910274,-0.08838834764831843,-0.25712973861329,-0.08838834764831843,-0.20080483222562467,-0.08838834764831845,-0.08838834764831845,-0.08838834764831845,-0.08838834764831845,-0.08838834764831843,-0.12549116102763172,-0.17888543819998318,-0.08838834764831843,-0.08838834764831843,-0.12549116102763172,-0.08838834764831843,-0.08838834764831843,-0.3053200599093529,-0.36273812505500586,-0.08838834764831843,-0.08838834764831843,-0.12549116102763172,-0.12549116102763172,-0.08838834764831843,-0.08838834764831845,-0.08838834764831843,-0.1543033499620919,-0.3895968612369898,-0.08838834764831843,-0.08838834764831843,-0.08838834764831845,-0.08838834764831845,-0.08838834764831845,-0.08838834764831843,-0.08838834764831843,-0.08838834764831845,-0.08838834764831843,-0.08838834764831843,-0.23953506879020425,-0.2008048322256247,-0.12549116102763172,-0.08838834764831843,-0.08838834764831843,-0.12549116102763172,-0.08838834764831845,-0.08838834764831845,11.313708498984761,-0.08838834764831843,-0.1254911610276317,-0.08838834764831843,-0.1543033499620919,2.6575364531836625,-1.899247971472619,-0.0461607102379017
-0.010984866413131488,0.3120725587307452,0.4472204096523296,-0.08838834764831843,-0.25712973861329,-0.08838834764831843,-0.20080483222562467,-0.08838834764831845,-0.08838834764831845,-0.08838834764831845,-0.08838834764831845,-0.08838834764831843,-0.12549116102763172,-0.17888543819998318,-0.08838834764831843,-0.08838834764831843,-0.12549116102763172,-0.08838834764831843,-0.08838834764831843,-0.3053200599093529,-0.36273812505500586,-0.08838834764831843,-0.08838834764831843,-0.12549116102763172,-0.12549116102763172,-0.08838834764831843,-0.08838834764831845,-0.08838834764831843,-0.1543033499620919,-0.3895968612369898,-0.08838834764831843,-0.08838834764831843,-0.08838834764831845,-0.08838834764831845,-0.08838834764831845,-0.08838834764831843,-0.08838834764831843,11.313708498984761,-0.08838834764831843,-0.08838834764831843,-0.23953506879020425,-0.2008048322256247,-0.12549116102763172,-0.08838834764831843,-0.08838834764831843,-0.12549116102763172,-0.08838834764831845,-0.08838834764831845,-0.08838834764831845,-0.08838834764831843,-0.1254911610276317,-0.08838834764831843,-0.1543033499620919,-0.3762883473534389,0.5265241901112212,-0.046214092274511516
0.09023283125071843,0.7593765595781466,0.5636746543942563,-0.08838834764831843,-0.25712973861329,-0.08838834764831843,-0.20080483222562467,-0.08838834764831845,-0.08838834764831845,-0.08838834764831845,-0.08838834764831845,-0.08838834764831843,-0.12549116102763172,-0.17888543819998318,-0.08838834764831843,-0.08838834764831843,-0.12549116102763172,-0.08838834764831843,-0.08838834764831843,-0.3053200599093529,-0.36273812505500586,-0.08838834764831843,-0.08838834764831843,-0.12549116102763172,-0.12549116102763172,-0.08838834764831843,11.313708498984761,-0.08838834764831843,-0.1543033499620919,-0.3895968612369898,-0.08838834764831843,-0.08838834764831843,-0.08838834764831845,-0.08838834764831845,-0.08838834764831845,-0.08838834764831843,-0.08838834764831843,-0.08838834764831845,-0.08838834764831843,-0.08838834764831843,-0.23953506879020425,-0.2008048322256247,-0.12549116102763172,-0.08838834764831843,-0.08838834764831843,-0.12549116102763172,-0.08838834764831845,-0.08838834764831845,-0.08838834764831845,-0.08838834764831843,-0.1254911610276317,-0.08838834764831843,-0.1543033499620919,-0.3762883473534389,0.5265241901112212,-0.046136169162230165
-0.036289290829093296,0.915932959874737,1.0294916333619635,-0.08838834764831843,-0.25712973861329,-0.08838834764831843,-0.20080483222562467,-0.08838834764831845,-0.08838834764831845,-0.08838834764831845,-0.08838834764831845,-0.08838834764831843,7.968688725254614,-0.17888543819998318,-0.08838834764831843,-0.08838834764831843,-0.12549116102763172,-0.08838834764831843,-0.08838834764831843,-0.3053200599093529,-0.36273812505500586,-0.08838834764831843,-0.08838834764831843,-0.12549116102763172,-0.12549116102763172,-0.08838834764831843,-0.08838834764831845,-0.08838834764831843,-0.1543033499620919,-0.3895968612369898,-0.08838834764831843,-0.08838834764831843,-0.08838834764831845,-0.08838834764831845,-0.08838834764831845,-0.08838834764831843,-0.08838834764831843,-0.08838834764831845,-0.08838834764831843,-0.08838834764831843,-0.23953506879020425,-0.2008048322256247,-0.12549116102763172,-0.08838834764831843,-0.08838834764831843,-0.12549116102763172,-0.08838834764831845,-0.08838834764831845,-0.08838834764831845,-0.08838834764831843,-0.1254911610276317,-0.08838834764831843,-0.1543033499620919,-0.3762883473534389,0.5265241901112212,-0.046380254941564045
0.2673638021624547,2.146018962205091,2.016579993555438,-0.08838834764831843,-0.25712973861329,-0.08838834764831843,-0.20080483222562467,-0.08838834764831845,-0.08838834764831845,-0.08838834764831845,-0.08838834764831845,-0.08838834764831843,-0.12549116102763172,-0.17888543819998318,-0.08838834764831843,-0.08838834764831843,-0.12549116102763172,-0.08838834764831843,-0.08838834764831843,-0.3053200599093529,-0.36273812505500586,-0.08838834764831843,-0.08838834764831843,-0.12549116102763172,-0.12549116102763172,-0.08838834764831843,-0.08838834764831845,-0.08838834764831843,-0.1543033499620919,-0.3895968612369898,-0.08838834764831843,-0.08838834764831843,11.313708498984761,-0.08838834764831845,-0.08838834764831845,-0.08838834764831843,-0.08838834764831843,-0.08838834764831845,-0.08838834764831843,-0.08838834764831843,-0.23953506879020425,-0.2008048322256247,-0.12549116102763172,-0.08838834764831843,-0.08838834764831843,-0.12549116102763172,-0.08838834764831845,-0.08838834764831845,-0.08838834764831845,-0.08838834764831843,-0.1254911610276317,-0.08838834764831843,-0.1543033499620919,-0.3762883473534389,0.5265241901112212,-0.04617241058723201
0.1155372556666803,1.3408717606797682,1.2069457205877567,-0.08838834764831843,-0.25712973861329,-0.08838834764831843,-0.20080483222562467,-0.08838834764831845,-0.08838834764831845,-0.08838834764831845,-0.08838834764831845,-0.08838834764831843,-0.12549116102763172,-0.17888543819998318,-0.08838834764831843,-0.08838834764831843,-0.12549116102763172,-0.08838834764831843,-0.08838834764831843,-0.3053200599093529,-0.36273812505500586,-0.08838834764831843,-0.08838834764831843,-0.12549116102763172,-0.12549116102763172,-0.08838834764831843,-0.08838834764831845,-0.08838834764831843,-0.1543033499620919,-0.3895968612369898,-0.08838834764831843,-0.08838834764831843,-0.08838834764831845,11.313708498984761,-0.08838834764831845,-0.08838834764831843,-0.08838834764831843,-0.08838834764831845,-0.08838834764831843,-0.08838834764831843,-0.23953506879020425,-0.2008048322256247,-0.12549116102763172,-0.08838834764831843,-0.08838834764831843,-0.12549116102763172,-0.08838834764831845,-0.08838834764831845,-0.08838834764831845,-0.08838834764831843,-0.1254911610276317,-0.08838834764831843,-0.1543033499620919,-0.3762883473534389,0.5265241901112212,-0.04622095891077025
0.2420593777464929,1.9223669617813899,1.3123090848780714,-0.08838834764831843,-0.25712973861329,-0.08838834764831843,-0.20080483222562467,-0.08838834764831845,-0.08838834764831845,-0.08838834764831845,-0.08838834764831845,-0.08838834764831843,-0.12549116102763172,-0.17888543819998318,-0.08838834764831843,-0.08838834764831843,-0.12549116102763172,-0.08838834764831843,-0.08838834764831843,-0.3053200599093529,-0.36273812505500586,-0.08838834764831843,-0.08838834764831843,-0.12549116102763172,-0.12549116102763172,-0.08838834764831843,-0.08838834764831845,-0.08838834764831843,-0.1543033499620919,-0.3895968612369898,-0.08838834764831843,-0.08838834764831843,-0.08838834764831845,-0.08838834764831845,-0.08838834764831845,-0.08838834764831843,-0.08838834764831843,-0.08838834764831845,-0.08838834764831843,-0.08838834764831843,-0.23953506879020425,-0.2008048322256247,-0.12549116102763172,-0.08838834764831843,-0.08838834764831843,-0.12549116102763172,-0.08838834764831845,11.313708498984761,-0.08838834764831845,-0.08838834764831843,-0.1254911610276317,-0.08838834764831843,-0.1543033499620919,-0.3762883473534389,0.5265241901112212,-0.04616561420780129
-0.01098486641313059,0.1331509583917846,0.2198573603942821,-0.08838834764831843,-0.25712973861329,-0.08838834764831843,-0.20080483222562467,-0.08838834764831845,-0.08838834764831845,-0.08838834764831845,-0.08838834764831845,-0.08838834764831843,-0.12549116102763172,-0.17888543819998318,-0.08838834764831843,-0.08838834764831843,-0.12549116102763172,-0.08838834764831843,-0.08838834764831843,-0.3053200599093529,-0.36273812505500586,-0.08838834764831843,-0.08838834764831843,-0.12549116102763172,-0.12549116102763172,-0.08838834764831843,-0.08838834764831845,-0.08838834764831843,-0.1543033499620919,-0.3895968612369898,-0.08838834764831843,-0.08838834764831843,-0.08838834764831845,-0.08838834764831845,-0.08838834764831845,-0.08838834764831843,-0.08838834764831843,-0.08838834764831845,-0.08838834764831843,-0.08838834764831843,-0.23953506879020425,-0.2008048322256247,-0.12549116102763172,-0.08838834764831843,-0.08838834764831843,-0.12549116102763172,-0.08838834764831845,-0.08838834764831845,-0.08838834764831845,-0.08838834764831843,7.968688725254613,-0.08838834764831843,-0.1543033499620919,2.6575364531836625,-1.899247971472619,-0.04614814338867033
-0.036289290829093296,0.04369015822230426,-0.36241386331535175,-0.08838834764831843,-0.25712973861329,-0.08838834764831843,-0.20080483222562467,-0.08838834764831845,-0.08838834764831845,-0.08838834764831845,-0.08838834764831845,-0.08838834764831843,-0.12549116102763172,-0.17888543819998318,-0.08838834764831843,-0.08838834764831843,-0.12549116102763172,-0.08838834764831843,-0.08838834764831843,-0.3053200599093529,2.7568097504180447,-0.08838834764831843,-0.08838834764831843,-0.12549116102763172,-0.12549116102763172,-0.08838834764831843,-0.08838834764831845,-0.08838834764831843,-0.1543033499620919,-0.3895968612369898,-0.08838834764831843,-0.08838834764831843,-0.08838834764831845,-0.08838834764831845,-0.08838834764831845,-0.08838834764831843,-0.08838834764831843,-0.08838834764831845,-0.08838834764831843,-0.08838834764831843,-0.23953506879020425,-0.2008048322256247,-0.12549116102763172,-0.08838834764831843,-0.08838834764831843,-0.12549116102763172,-0.08838834764831845,-0.08838834764831845,-0.08838834764831845,-0.08838834764831843,-0.1254911610276317,-0.08838834764831843,-0.1543033499620919,-0.3762883473534389,0.5265241901112212,-0.04618544227072237
-0.08689813966101781,-0.5378050428793176,-0.5176861896379208,-0.08838834764831843,-0.25712973861329,-0.08838834764831843,-0.20080483222562467,-0.08838834764831845,-0.08838834764831845,-0.08838834764831845,-0.08838834764831845,-0.08838834764831843,-0.12549116102763172,-0.17888543819998318,-0.08838834764831843,-0.08838834764831843,-0.12549116102763172,-0.08838834764831843,-0.08838834764831843,-0.3053200599093529,2.7568097504180447,-0.08838834764831843,-0.08838834764831843,-0.12549116102763172,-0.12549116102763172,-0.08838834764831843,-0.08838834764831845,-0.08838834764831843,-0.1543033499620919,-0.3895968612369898,-0.08838834764831843,-0.08838834764831843,-0.08838834764831845,-0.08838834764831845,-0.08838834764831845,-0.08838834764831843,-0.08838834764831843,-0.08838834764831845,-0.08838834764831843,-0.08838834764831843,-0.23953506879020425,-0.2008048322256247,-0.12549116102763172,-0.08838834764831843,-0.08838834764831843,-0.12549116102763172,-0.08838834764831845,-0.08838834764831845,-0.08838834764831845,-0.08838834764831843,-0.1254911610276317,-0.08838834764831843,-0.1543033499620919,-0.3762883473534389,0.5265241901112212,-0.045929712708548454
-0.16281141290890502,-0.8061874433877582,-0.6175041137024294,-0.08838834764831843,-0.25712973861329,-0.08838834764831843,-0.20080483222562467,-0.08838834764831845,-0.08838834764831845,-0.08838834764831845,-0.08838834764831845,-0.08838834764831843,-0.12549116102763172,-0.17888543819998318,-0.08838834764831843,-0.08838834764831843,-0.12549116102763172,-0.08838834764831843,-0.08838834764831843,-0.3053200599093529,2.7568097504180447,-0.08838834764831843,-0.08838834764831843,-0.12549116102763172,-0.12549116102763172,-0.08838834764831843,-0.08838834764831845,-0.08838834764831843,-0.1543033499620919,-0.3895968612369898,-0.08838834764831843,-0.08838834764831843,-0.08838834764831845,-0.08838834764831845,-0.08838834764831845,-0.08838834764831843,-0.08838834764831843,-0.08838834764831845,-0.08838834764831843,-0.08838834764831843,-0.23953506879020425,-0.2008048322256247,-0.12549116102763172,-0.08838834764831843,-0.08838834764831843,-0.12549116102763172,-0.08838834764831845,-0.08838834764831845,-0.08838834764831845,-0.08838834764831843,-0.1254911610276317,-0.08838834764831843,-0.1543033499620919,-0.3762883473534389,0.5265241901112212,-0.046585063000978914
-0.08689813966101781,-0.31415304245561676,-0.12950537383149818,-0.08838834764831843,-0.25712973861329,-0.08838834764831843,-0.20080483222562467,-0.08838834764831845,-0.08838834764831845,-0.08838834764831845,-0.08838834764831845,-0.08838834764831843,-0.12549116102763172,-0.17888543819998318,-0.08838834764831843,-0.08838834764831843,-0.12549116102763172,-0.08838834764831843,-0.08838834764831843,-0.3053200599093529,2.7568097504180447,-0.08838834764831843,-0.08838834764831843,-0.12549116102763172,-0.12549116102763172,-0.08838834764831843,-0.08838834764831845,-0.08838834764831843,-0.1543033499620919,-0.3895968612369898,-0.08838834764831843,-0.08838834764831843,-0.08838834764831845,-0.08838834764831845,-0.08838834764831845,-0.08838834764831843,-0.08838834764831843,-0.08838834764831845,-0.08838834764831843,-0.08838834764831843,-0.23953506879020425,-0.2008048322256247,-0.12549116102763172,-0.08838834764831843,-0.08838834764831843,-0.12549116102763172,-0.08838834764831845,-0.08838834764831845,-0.08838834764831845,-0.08838834764831843,-0.1254911610276317,-0.08838834764831843,-0.1543033499620919,-0.3762883473534389,0.5265241901112212,-0.04619184234033536
0.1408416800826434,1.3632369607221382,-1.7376830393152487,-0.08838834764831843,-0.25712973861329,-0.08838834764831843,-0.20080483222562467,-0.08838834764831845,-0.08838834764831845,-0.08838834764831845,-0.08838834764831845,-0.08838834764831843,-0.12549116102763172,-0.17888543819998318,-0.08838834764831843,-0.08838834764831843,-0.12549116102763172,-0.08838834764831843,-0.08838834764831843,-0.3053200599093529,-0.36273812505500586,-0.08838834764831843,-0.08838834764831843,-0.12549116102763172,-0.12549116102763172,-0.08838834764831843,-0.08838834764831845,-0.08838834764831843,-0.1543033499620919,-0.3895968612369898,-0.08838834764831843,-0.08838834764831843,-0.08838834764831845,-0.08838834764831845,-0.08838834764831845,-0.08838834764831843,-0.08838834764831843,-0.08838834764831845,-0.08838834764831843,-0.08838834764831843,-0.23953506879020425,-0.2008048322256247,7.968688725254615,-0.08838834764831843,-0.08838834764831843,-0.12549116102763172,-0.08838834764831845,-0.08838834764831845,-0.08838834764831845,-0.08838834764831843,-0.1254911610276317,-0.08838834764831843,-0.1543033499620919,-0.3762883473534389,0.5265241901112212,-0.046191830543833516
0.06492840683475617,0.915932959874737,2.1108524773941406,-0.08838834764831843,-0.25712973861329,-0.08838834764831843,-0.20080483222562467,-0.08838834764831845,-0.08838834764831845,-0.08838834764831845,-0.08838834764831845,-0.08838834764831843,-0.12549116102763172,5.5901699437494745,-0.08838834764831843,-0.08838834764831843,-0.12549116102763172,-0.08838834764831843,-0.08838834764831843,-0.3053200599093529,-0.36273812505500586,-0.08838834764831843,-0.08838834764831843,-0.12549116102763172,-0.12549116102763172,-0.08838834764831843,-0.08838834764831845,-0.08838834764831843,-0.1543033499620919,-0.3895968612369898,-0.08838834764831843,-0.08838834764831843,-0.08838834764831845,-0.08838834764831845,-0.08838834764831845,-0.08838834764831843,-0.08838834764831843,-0.08838834764831845,-0.08838834764831843,-0.08838834764831843,-0.23953506879020425,-0.2008048322256247,-0.12549116102763172,-0.08838834764831843,-0.08838834764831843,-0.12549116102763172,-0.08838834764831845,-0.08838834764831845,-0.08838834764831845,-0.08838834764831843,-0.1254911610276317,-0.08838834764831843,-0.1543033499620919,-0.3762883473534389,0.5265241901112212,-0.046216408494032156
-0.13750698849294277,-0.6719962431335382,-0.12950537383149818,-0.08838834764831843,-0.25712973861329,-0.08838834764831843,-0.20080483222562467,-0.08838834764831845,-0.08838834764831845,-0.08838834764831845,-0.08838834764831845,-0.08838834764831843,-0.12549116102763172,5.5901699437494745,-0.08838834764831843,-0.08838834764831843,-0.12549116102763172,-0.08838834764831843,-0.08838834764831843,-0.3053200599093529,-0.36273812505500586,-0.08838834764831843,-0.08838834764831843,-0.12549116102763172,-0.12549116102763172,-0.08838834764831843,-0.08838834764831845,-0.08838834764831843,-0.1543033499620919,-0.3895968612369898,-0.08838834764831843,-0.08838834764831843,-0.08838834764831845,-0.08838834764831845,-0.08838834764831845,-0.08838834764831843,-0.08838834764831843,-0.08838834764831845,-0.08838834764831843,-0.08838834764831843,-0.23953506879020425,-0.2008048322256247,-0.12549116102763172,-0.08838834764831843,-0.08838834764831843,-0.12549116102763172,-0.08838834764831845,-0.08838834764831845,-0.08838834764831845,-0.08838834764831843,-0.1254911610276317,-0.08838834764831843,-0.1543033499620919,-0.3762883473534389,0.5265241901112212,-0.04622099568487518
0.014319558002831217,0.06605535826467435,0.6302199371039288,-0.08838834764831843,-0.25712973861329,-0.08838834764831843,-0.20080483222562467,-0.08838834764831845,-0.08838834764831845,-0.08838834764831845,-0.08838834764831845,-0.08838834764831843,-0.12549116102763172,-0.17888543819998318,-0.08838834764831843,-0.08838834764831843,-0.12549116102763172,-0.08838834764831843,-0.08838834764831843,-0.3053200599093529,2.7568097504180447,-0.08838834764831843,-0.08838834764831843,-0.12549116102763172,-0.12549116102763172,-0.08838834764831843,-0.08838834764831845,-0.08838834764831843,-0.1543033499620919,-0.3895968612369898,-0.08838834764831843,-0.08838834764831843,-0.08838834764831845,-0.08838834764831845,-0.08838834764831845,-0.08838834764831843,-0.08838834764831843,-0.08838834764831845,-0.08838834764831843,-0.08838834764831843,-0.23953506879020425,-0.2008048322256247,-0.12549116102763172,-0.08838834764831843,-0.08838834764831843,-0.12549116102763172,-0.08838834764831845,-0.08838834764831845,-0.08838834764831845,-0.08838834764831843,-0.1254911610276317,-0.08838834764831843,-0.1543033499620919,-0.3762883473534389,0.5265241901112212,-0.046038914352476534
-0.036289290829093296,0.3120725587307452,0.9019465081684247,-0.08838834764831843,-0.25712973861329,-0.08838834764831843,-0.20080483222562467,-0.08838834764831845,-0.08838834764831845,-0.08838834764831845,-0.08838834764831845,-0.08838834764831843,-0.12549116102763172,-0.17888543819998318,-0.08838834764831843,-0.08838834764831843,-0.12549116102763172,-0.08838834764831843,-0.08838834764831843,-0.3053200599093529,2.7568097504180447,-0.08838834764831843,-0.08838834764831843,-0.12549116102763172,-0.12549116102763172,-0.08838834764831843,-0.08838834764831845,-0.08838834764831843,-0.1543033499620919,-0.3895968612369898,-0.08838834764831843,-0.08838834764831843,-0.08838834764831845,-0.08838834764831845,-0.08838834764831845,-0.08838834764831843,-0.08838834764831843,-0.08838834764831845,-0.08838834764831843,-0.08838834764831843,-0.23953506879020425,-0.2008048322256247,-0.12549116102763172,-0.08838834764831843,-0.08838834764831843,-0.12549116102763172,-0.08838834764831845,-0.08838834764831845,-0.08838834764831845,-0.08838834764831843,-0.1254911610276317,-0.08838834764831843,-0.1543033499620919,-0.3762883473534389,0.5265241901112212,-0.04627592072892275
-0.061593715245056004,-0.4036138426250972,-0.09623273247666198,-0.08838834764831843,-0.25712973861329,-0.08838834764831843,-0.20080483222562467,-0.08838834764831845,-0.08838834764831845,-0.08838834764831845,-0.08838834764831845,-0.08838834764831843,-0.12549116102763172,-0.17888543819998318,-0.08838834764831843,-0.08838834764831843,-0.12549116102763172,-0.08838834764831843,-0.08838834764831843,-0.3053200599093529,2.7568097504180447,-0.08838834764831843,-0.08838834764831843,-0.12549116102763172,-0.12549116102763172,-0.08838834764831843,-0.08838834764831845,-0.08838834764831843,-0.1543033499620919,-0.3895968612369898,-0.08838834764831843,-0.08838834764831843,-0.08838834764831845,-0.08838834764831845,-0.08838834764831845,-0.08838834764831843,-0.08838834764831843,-0.08838834764831845,-0.08838834764831843,-0.08838834764831843,-0.23953506879020425,-0.2008048322256247,-0.12549116102763172,-0.08838834764831843,-0.08838834764831843,-0.12549116102763172,-0.08838834764831845,-0.08838834764831845,-0.08838834764831845,-0.08838834764831843,-0.1254911610276317,-0.08838834764831843,-0.1543033499620919,-0.3762883473534389,0.5265241901112212,-0.04596090797745627
-0.08689813966101781,-0.20232704224376644,0.036857832942682904,-0.08838834764831843,-0.25712973861329,-0.08838834764831843,-0.20080483222562467,-0.08838834764831845,-0.08838834764831845,-0.08838834764831845,-0.08838834764831845,-0.08838834764831843,-0.12549116102763172,-0.17888543819998318,-0.08838834764831843,-0.08838834764831843,-0.12549116102763172,-0.08838834764831843,-0.08838834764831843,-0.3053200599093529,2.7568097504180447,-0.08838834764831843,-0.08838834764831843,-0.12549116102763172,-0.12549116102763172,-0.08838834764831843,-0.08838834764831845,-0.08838834764831843,-0.1543033499620919,-0.3895968612369898,-0.08838834764831843,-0.08838834764831843,-0.08838834764831845,-0.08838834764831845,-0.08838834764831845,-0.08838834764831843,-0.08838834764831843,-0.08838834764831845,-0.08838834764831843,-0.08838834764831843,-0.23953506879020425,-0.2008048322256247,-0.12549116102763172,-0.08838834764831843,-0.08838834764831843,-0.12549116102763172,-0.08838834764831845,-0.08838834764831845,-0.08838834764831845,-0.08838834764831843,-0.1254911610276317,-0.08838834764831843,-0.1543033499620919,-0.3762883473534389,0.5265241901112212,-0.04625737693262288
-0.11220256407698051,-0.38124864258272717,0.09231223520074326,-0.08838834764831843,-0.25712973861329,-0.08838834764831843,-0.20080483222562467,-0.08838834764831845,-0.08838834764831845,-0.08838834764831845,-0.08838834764831845,-0.08838834764831843,-0.12549116102763172,-0.17888543819998318,-0.08838834764831843,-0.08838834764831843,-0.12549116102763172,-0.08838834764831843,-0.08838834764831843,-0.3053200599093529,2.7568097504180447,-0.08838834764831843,-0.08838834764831843,-0.12549116102763172,-0.12549116102763172,-0.08838834764831843,-0.08838834764831845,-0.08838834764831843,-0.1543033499620919,-0.3895968612369898,-0.08838834764831843,-0.08838834764831843,-0.08838834764831845,-0.08838834764831845,-0.08838834764831845,-0.08838834764831843,-0.08838834764831843,-0.08838834764831845,-0.08838834764831843,-0.08838834764831843,-0.23953506879020425,-0.2008048322256247,-0.12549116102763172,-0.08838834764831843,-0.08838834764831843,-0.12549116102763172,-0.08838834764831845,-0.08838834764831845,-0.08838834764831845,-0.08838834764831843,-0.1254911610276317,-0.08838834764831843,-0.1543033499620919,-0.3762883473534389,0.5265241901112212,-0.04628717018590235
-0.010984866413131488,0.22261175856126483,0.4194932085232994,-0.08838834764831843,-0.25712973861329,-0.08838834764831843,-0.20080483222562467,-0.08838834764831845,-0.08838834764831845,-0.08838834764831845,-0.08838834764831845,-0.08838834764831843,-0.12549116102763172,-0.17888543819998318,-0.08838834764831843,-0.08838834764831843,-0.12549116102763172,-0.08838834764831843,-0.08838834764831843,-0.3053200599093529,2.7568097504180447,-0.08838834764831843,-0.08838834764831843,-0.12549116102763172,-0.12549116102763172,-0.08838834764831843,-0.08838834764831845,-0.08838834764831843,-0.1543033499620919,-0.3895968612369898,-0.08838834764831843,-0.08838834764831843,-0.08838834764831845,-0.08838834764831845,-0.08838834764831845,-0.08838834764831843,-0.08838834764831843,-0.08838834764831845,-0.08838834764831843,-0.08838834764831843,-0.23953506879020425,-0.2008048322256247,-0.12549116102763172,-0.08838834764831843,-0.08838834764831843,-0.12549116102763172,-0.08838834764831845,-0.08838834764831845,-0.08838834764831845,-0.08838834764831843,-0.1254911610276317,-0.08838834764831843,-0.1543033499620919,-0.3762883473534389,0.5265241901112212,-0.04618380956791635
-0.01098486641313104,0.13315095839178434,0.946310029974873,-0.08838834764831843,-0.25712973861329,-0.08838834764831843,-0.20080483222562467,-0.08838834764831845,-0.08838834764831845,-0.08838834764831845,-0.08838834764831845,-0.08838834764831843,-0.12549116102763172,-0.17888543819998318,-0.08838834764831843,-0.08838834764831843,-0.12549116102763172,-0.08838834764831843,-0.08838834764831843,3.275251551754877,-0.36273812505500586,-0.08838834764831843,-0.08838834764831843,-0.12549116102763172,-0.12549116102763172,-0.08838834764831843,-0.08838834764831845,-0.08838834764831843,-0.1543033499620919,-0.3895968612369898,-0.08838834764831843,-0.08838834764831843,-0.08838834764831845,-0.08838834764831845,-0.08838834764831845,-0.08838834764831843,-0.08838834764831843,-0.08838834764831845,-0.08838834764831843,-0.08838834764831843,-0.23953506879020425,-0.2008048322256247,-0.12549116102763172,-0.08838834764831843,-0.08838834764831843,-0.12549116102763172,-0.08838834764831845,-0.08838834764831845,-0.08838834764831845,-0.08838834764831843,-0.1254911610276317,-0.08838834764831843,-0.1543033499620919,-0.3762883473534389,0.5265241901112212,-0.04614814338867033
-0.13750698849294277,-0.8956482435572385,-0.1600052950734314,-0.08838834764831843,-0.25712973861329,-0.08838834764831843,-0.20080483222562467,-0.08838834764831845,-0.08838834764831845,-0.08838834764831845,-0.08838834764831845,-0.08838834764831843,-0.12549116102763172,-0.17888543819998318,-0.08838834764831843,-0.08838834764831843,-0.12549116102763172,-0.08838834764831843,-0.08838834764831843,-0.3053200599093529,-0.36273812505500586,-0.08838834764831843,-0.08838834764831843,-0.12549116102763172,-0.12549116102763172,-0.08838834764831843,-0.08838834764831845,-0.08838834764831843,-0.1543033499620919,-0.3895968612369898,-0.08838834764831843,-0.08838834764831843,-0.08838834764831845,-0.08838834764831845,-0.08838834764831845,-0.08838834764831843,-0.08838834764831843,-0.08838834764831845,-0.08838834764831843,-0.08838834764831843,-0.23953506879020425,4.979959839195493,-0.12549116102763172,-0.08838834764831843,-0.08838834764831843,-0.12549116102763172,-0.08838834764831845,-0.08838834764831845,-0.08838834764831845,-0.08838834764831843,-0.1254911610276317,-0.08838834764831843,-0.1543033499620919,-0.3762883473534389,0.5265241901112212,-0.04986531316339112
0.16614610449860565,1.2290457604679177,2.460215211619921,-0.08838834764831843,-0.25712973861329,-0.08838834764831843,-0.20080483222562467,-0.08838834764831845,-0.08838834764831845,-0.08838834764831845,-0.08838834764831845,-0.08838834764831843,-0.12549116102763172,5.5901699437494745,-0.08838834764831843,-0.08838834764831843,-0.12549116102763172,-0.08838834764831843,-0.08838834764831843,-0.3053200599093529,-0.36273812505500586,-0.08838834764831843,-0.08838834764831843,-0.12549116102763172,-0.12549116102763172,-0.08838834764831843,-0.08838834764831845,-0.08838834764831843,-0.1543033499620919,-0.3895968612369898,-0.08838834764831843,-0.08838834764831843,-0.08838834764831845,-0.08838834764831845,-0.08838834764831845,-0.08838834764831843,-0.08838834764831843,-0.08838834764831845,-0.08838834764831843,-0.08838834764831843,-0.23953506879020425,-0.2008048322256247,-0.12549116102763172,-0.08838834764831843,-0.08838834764831843,-0.12549116102763172,-0.08838834764831845,-0.08838834764831845,-0.08838834764831845,-0.08838834764831843,-0.1254911610276317,-0.08838834764831843,-0.1543033499620919,-0.3762883473534389,0.5265241901112212,-0.04613186985559485
-0.11220256407698051,-0.33651824249798745,-5.397673588347232,-0.08838834764831843,-0.25712973861329,-0.08838834764831843,-0.20080483222562467,-0.08838834764831845,-0.08838834764831845,-0.08838834764831845,-0.08838834764831845,-0.08838834764831843,-0.12549116102763172,5.5901699437494745,-0.08838834764831843,-0.08838834764831843,-0.12549116102763172,-0.08838834764831843,-0.08838834764831843,-0.3053200599093529,-0.36273812505500586,-0.08838834764831843,-0.08838834764831843,-0.12549116102763172,-0.12549116102763172,-0.08838834764831843,-0.08838834764831845,-0.08838834764831843,-0.1543033499620919,-0.3895968612369898,-0.08838834764831843,-0.08838834764831843,-0.08838834764831845,-0.08838834764831845,-0.08838834764831845,-0.08838834764831843,-0.08838834764831843,-0.08838834764831845,-0.08838834764831843,-0.08838834764831843,-0.23953506879020425,-0.2008048322256247,-0.12549116102763172,-0.08838834764831843,-0.08838834764831843,-0.12549116102763172,-0.08838834764831845,-0.08838834764831845,-0.08838834764831845,-0.08838834764831843,-0.1254911610276317,-0.08838834764831843,-0.1543033499620919,-0.3762883473534389,0.5265241901112212,-0.046311993552851774
0.09023283125071843,0.4015333589002255,1.279036443523235,-0.08838834764831843,-0.25712973861329,-0.08838834764831843,-0.20080483222562467,-0.08838834764831845,-0.08838834764831845,-0.08838834764831845,-0.08838834764831845,-0.08838834764831843,-0.12549116102763172,-0.17888543819998318,-0.08838834764831843,-0.08838834764831843,-0.12549116102763172,-0.08838834764831843,-0.08838834764831843,3.275251551754877,-0.36273812505500586,-0.08838834764831843,-0.08838834764831843,-0.12549116102763172,-0.12549116102763172,-0.08838834764831843,-0.08838834764831845,-0.08838834764831843,-0.1543033499620919,-0.3895968612369898,-0.08838834764831843,-0.08838834764831843,-0.08838834764831845,-0.08838834764831845,-0.08838834764831845,-0.08838834764831843,-0.08838834764831843,-0.08838834764831845,-0.08838834764831843,-0.08838834764831843,-0.23953506879020425,-0.2008048322256247,-0.12549116102763172,-0.08838834764831843,-0.08838834764831843,-0.12549116102763172,-0.08838834764831845,-0.08838834764831845,-0.08838834764831845,-0.08838834764831843,-0.1254911610276317,-0.08838834764831843,-0.1543033499620919,2.6575364531836625,-1.899247971472619,-0.04601016608474064
-0.061593715245055115,-0.09050104203191613,0.3252207246845968,-0.08838834764831843,-0.25712973861329,-0.08838834764831843,-0.20080483222562467,-0.08838834764831845,-0.08838834764831845,-0.08838834764831845,-0.08838834764831845,-0.08838834764831843,-0.12549116102763172,-0.17888543819998318,-0.08838834764831843,-0.08838834764831843,-0.12549116102763172,-0.08838834764831843,-0.08838834764831843,-0.3053200599093529,-0.36273812505500586,-0.08838834764831843,-0.08838834764831843,-0.12549116102763172,-0.12549116102763172,-0.08838834764831843,-0.08838834764831845,-0.08838834764831843,-0.1543033499620919,-0.3895968612369898,-0.08838834764831843,-0.08838834764831843,-0.08838834764831845,-0.08838834764831845,-0.08838834764831845,-0.08838834764831843,-0.08838834764831843,-0.08838834764831845,-0.08838834764831843,-0.08838834764831843,-0.23953506879020425,4.979959839195493,-0.12549116102763172,-0.08838834764831843,-0.08838834764831843,-0.12549116102763172,-0.08838834764831845,-0.08838834764831845,-0.08838834764831845,-0.08838834764831843,-0.1254911610276317,-0.08838834764831843,-0.1543033499620919,-0.3762883473534389,0.5265241901112212,-0.046210562853868854
0.11553725566668069,1.3856021607645077,2.5378513747812055,-0.08838834764831843,-0.25712973861329,-0.08838834764831843,-0.20080483222562467,-0.08838834764831845,-0.08838834764831845,-0.08838834764831845,-0.08838834764831845,-0.08838834764831843,-0.12549116102763172,-0.17888543819998318,-0.08838834764831843,-0.08838834764831843,-0.12549116102763172,-0.08838834764831843,-0.08838834764831843,-0.3053200599093529,-0.36273812505500586,-0.08838834764831843,-0.08838834764831843,-0.12549116102763172,-0.12549116102763172,-0.08838834764831843,-0.08838834764831845,-0.08838834764831843,-0.1543033499620919,-0.3895968612369898,-0.08838834764831843,-0.08838834764831843,-0.08838834764831845,-0.08838834764831845,-0.08838834764831845,-0.08838834764831843,-0.08838834764831843,-0.08838834764831845,-0.08838834764831843,-0.08838834764831843,-0.23953506879020425,4.979959839195493,-0.12549116102763172,-0.08838834764831843,-0.08838834764831843,-0.12549116102763172,-0.08838834764831845,-0.08838834764831845,-0.08838834764831845,-0.08838834764831843,-0.1254911610276317,-0.08838834764831843,-0.1543033499620919,-0.3762883473534389,0.5265241901112212,-0.04622816882136933
-0.16281141290890502,-0.7614570433030183,-0.4788681080572785,-0.08838834764831843,-0.25712973861329,-0.08838834764831843,-0.20080483222562467,-0.08838834764831845,-0.08838834764831845,-0.08838834764831845,-0.08838834764831845,-0.08838834764831843,-0.12549116102763172,-0.17888543819998318,-0.08838834764831843,-0.08838834764831843,-0.12549116102763172,-0.08838834764831843,-0.08838834764831843,-0.3053200599093529,-0.36273812505500586,-0.08838834764831843,-0.08838834764831843,-0.12549116102763172,-0.12549116102763172,-0.08838834764831843,-0.08838834764831845,-0.08838834764831843,-0.1543033499620919,-0.3895968612369898,-0.08838834764831843,-0.08838834764831843,-0.08838834764831845,-0.08838834764831845,-0.08838834764831845,-0.08838834764831843,-0.08838834764831843,-0.08838834764831845,-0.08838834764831843,-0.08838834764831843,-0.23953506879020425,-0.2008048322256247,7.968688725254615,-0.08838834764831843,-0.08838834764831843,-0.12549116102763172,-0.08838834764831845,-0.08838834764831845,-0.08838834764831845,-0.08838834764831843,-0.1254911610276317,-0.08838834764831843,-0.1543033499620919,-0.3762883473534389,0.5265241901112212,-0.046585063000978914
0.039623982418793474,0.4462637589849657,1.4287633296199982,-0.08838834764831843,-0.25712973861329,-0.08838834764831843,-0.20080483222562467,-0.08838834764831845,-0.08838834764831845,-0.08838834764831845,-0.08838834764831845,-0.08838834764831843,-0.12549116102763172,-0.17888543819998318,-0.08838834764831843,-0.08838834764831843,-0.12549116102763172,-0.08838834764831843,-0.08838834764831843,-0.3053200599093529,2.7568097504180447,-0.08838834764831843,-0.08838834764831843,-0.12549116102763172,-0.12549116102763172,-0.08838834764831843,-0.08838834764831845,-0.08838834764831843,-0.1543033499620919,-0.3895968612369898,-0.08838834764831843,-0.08838834764831843,-0.08838834764831845,-0.08838834764831845,-0.08838834764831845,-0.08838834764831843,-0.08838834764831843,-0.08838834764831845,-0.08838834764831843,-0.08838834764831843,-0.23953506879020425,-0.2008048322256247,-0.12549116102763172,-0.08838834764831843,-0.08838834764831843,-0.12549116102763172,-0.08838834764831845,-0.08838834764831845,-0.08838834764831845,-0.08838834764831843,-0.1254911610276317,-0.08838834764831843,-0.1543033499620919,-0.3762883473534389,0.5265241901112212,-0.04614073562859543
0.014319558002831217,0.22261175856126483,0.9740372311039032,-0.08838834764831843,-0.25712973861329,-0.08838834764831843,-0.20080483222562467,-0.08838834764831845,-0.08838834764831845,-0.08838834764831845,-0.08838834764831845,-0.08838834764831843,-0.12549116102763172,-0.17888543819998318,-0.08838834764831843,-0.08838834764831843,-0.12549116102763172,-0.08838834764831843,-0.08838834764831843,-0.3053200599093529,2.7568097504180447,-0.08838834764831843,-0.08838834764831843,-0.12549116102763172,-0.12549116102763172,-0.08838834764831843,-0.08838834764831845,-0.08838834764831843,-0.1543033499620919,-0.3895968612369898,-0.08838834764831843,-0.08838834764831843,-0.08838834764831845,-0.08838834764831845,-0.08838834764831845,-0.08838834764831843,-0.08838834764831843,-0.08838834764831845,-0.08838834764831843,-0.08838834764831843,-0.23953506879020425,-0.2008048322256247,-0.12549116102763172,-0.08838834764831843,-0.08838834764831843,-0.12549116102763172,-0.08838834764831845,-0.08838834764831845,-0.08838834764831845,-0.08838834764831843,-0.1254911610276317,-0.08838834764831843,-0.1543033499620919,-0.3762883473534389,0.5265241901112212,-0.04611693399573926
0.014319558002831667,0.580454959239186,1.2014002803619506,-0.08838834764831843,-0.25712973861329,-0.08838834764831843,-0.20080483222562467,-0.08838834764831845,-0.08838834764831845,-0.08838834764831845,-0.08838834764831845,-0.08838834764831843,-0.12549116102763172,-0.17888543819998318,-0.08838834764831843,-0.08838834764831843,-0.12549116102763172,-0.08838834764831843,-0.08838834764831843,-0.3053200599093529,2.7568097504180447,-0.08838834764831843,-0.08838834764831843,-0.12549116102763172,-0.12549116102763172,-0.08838834764831843,-0.08838834764831845,-0.08838834764831843,-0.1543033499620919,-0.3895968612369898,-0.08838834764831843,-0.08838834764831843,-0.08838834764831845,-0.08838834764831845,-0.08838834764831845,-0.08838834764831843,-0.08838834764831843,-0.08838834764831845,-0.08838834764831843,-0.08838834764831843,-0.23953506879020425,-0.2008048322256247,-0.12549116102763172,-0.08838834764831843,-0.08838834764831843,-0.12549116102763172,-0.08838834764831845,-0.08838834764831845,-0.08838834764831845,-0.08838834764831843,-0.1254911610276317,-0.08838834764831843,-0.1543033499620919,2.6575364531836625,-1.899247971472619,-0.046232163978106214
-0.01098486641313104,-0.045770641947176206,-0.31805034150890343,-0.08838834764831843,-0.25712973861329,-0.08838834764831843,-0.20080483222562467,-0.08838834764831845,-0.08838834764831845,-0.08838834764831845,-0.08838834764831845,-0.08838834764831843,-0.12549116102763172,-0.17888543819998318,-0.08838834764831843,-0.08838834764831843,-0.12549116102763172,-0.08838834764831843,-0.08838834764831843,-0.3053200599093529,2.7568097504180447,-0.08838834764831843,-0.08838834764831843,-0.12549116102763172,-0.12549116102763172,-0.08838834764831843,-0.08838834764831845,-0.08838834764831843,-0.1543033499620919,-0.3895968612369898,-0.08838834764831843,-0.08838834764831843,-0.08838834764831845,-0.08838834764831845,-0.08838834764831845,-0.08838834764831843,-0.08838834764831843,-0.08838834764831845,-0.08838834764831843,-0.08838834764831843,-0.23953506879020425,-0.2008048322256247,-0.12549116102763172,-0.08838834764831843,-0.08838834764831843,-0.12549116102763172,-0.08838834764831845,-0.08838834764831845,-0.08838834764831845,-0.08838834764831843,-0.1254911610276317,-0.08838834764831843,-0.1543033499620919,-0.3762883473534389,-1.899247971472619,-0.04605367683645637
-0.036289290829093296,0.0660553582646741,0.0978576754265493,-0.08838834764831843,-0.25712973861329,-0.08838834764831843,-0.20080483222562467,-0.08838834764831845,-0.08838834764831845,-0.08838834764831845,-0.08838834764831845,-0.08838834764831843,-0.12549116102763172,-0.17888543819998318,-0.08838834764831843,-0.08838834764831843,-0.12549116102763172,-0.08838834764831843,-0.08838834764831843,-0.3053200599093529,-0.36273812505500586,-0.08838834764831843,-0.08838834764831843,-0.12549116102763172,-0.12549116102763172,-0.08838834764831843,-0.08838834764831845,-0.08838834764831843,-0.1543033499620919,-0.3895968612369898,-0.08838834764831843,-0.08838834764831843,-0.08838834764831845,-0.08838834764831845,-0.08838834764831845,-0.08838834764831843,-0.08838834764831843,-0.08838834764831845,-0.08838834764831843,-0.08838834764831843,-0.23953506879020425,4.979959839195493,-0.12549116102763172,-0.08838834764831843,-0.08838834764831843,-0.12549116102763172,-0.08838834764831845,-0.08838834764831845,-0.08838834764831845,-0.08838834764831843,-0.1254911610276317,-0.08838834764831843,-0.1543033499620919,-0.3762883473534389,-1.899247971472619,-0.04619495682347721
-0.036289290829093296,0.04369015822230426,0.10894855587816138,-0.08838834764831843,-0.25712973861329,-0.08838834764831843,-0.20080483222562467,-0.08838834764831845,-0.08838834764831845,-0.08838834764831845,-0.08838834764831845,-0.08838834764831843,-0.12549116102763172,-0.17888543819998318,11.31370849898476,-0.08838834764831843,-0.12549116102763172,-0.08838834764831843,-0.08838834764831843,-0.3053200599093529,-0.36273812505500586,-0.08838834764831843,-0.08838834764831843,-0.12549116102763172,-0.12549116102763172,-0.08838834764831843,-0.08838834764831845,-0.08838834764831843,-0.1543033499620919,-0.3895968612369898,-0.08838834764831843,-0.08838834764831843,-0.08838834764831845,-0.08838834764831845,-0.08838834764831845,-0.08838834764831843,-0.08838834764831843,-0.08838834764831845,-0.08838834764831843,-0.08838834764831843,-0.23953506879020425,-0.2008048322256247,-0.12549116102763172,-0.08838834764831843,-0.08838834764831843,-0.12549116102763172,-0.08838834764831845,-0.08838834764831845,-0.08838834764831845,-0.08838834764831843,-0.1254911610276317,-0.08838834764831843,-0.1543033499620919,-0.3762883473534389,-1.899247971472619,-0.04618544227072237
-0.11220256407698051,-0.49307464279457747,-0.5786860321217872,-0.08838834764831843,-0.25712973861329,-0.08838834764831843,-0.20080483222562467,-0.08838834764831845,-0.08838834764831845,-0.08838834764831845,-0.08838834764831845,-0.08838834764831843,-0.12549116102763172,-0.17888543819998318,-0.08838834764831843,-0.08838834764831843,-0.12549116102763172,-0.08838834764831843,-0.08838834764831843,3.275251551754877,-0.36273812505500586,-0.08838834764831843,-0.08838834764831843,-0.12549116102763172,-0.12549116102763172,-0.08838834764831843,-0.08838834764831845,-0.08838834764831843,-0.1543033499620919,-0.3895968612369898,-0.08838834764831843,-0.08838834764831843,-0.08838834764831845,-0.08838834764831845,-0.08838834764831845,-0.08838834764831843,-0.08838834764831843,-0.08838834764831845,-0.08838834764831843,-0.08838834764831843,-0.23953506879020425,-0.2008048322256247,-0.12549116102763172,-0.08838834764831843,-0.08838834764831843,-0.12549116102763172,-0.08838834764831845,-0.08838834764831845,-0.08838834764831845,-0.08838834764831843,-0.1254911610276317,-0.08838834764831843,-0.1543033499620919,-0.3762883473534389,0.5265241901112212,-0.04619955980560808
-0.11220256407698051,-0.38124864258272695,-0.5842314723475932,-0.08838834764831843,-0.25712973861329,-0.08838834764831843,-0.20080483222562467,-0.08838834764831845,-0.08838834764831845,-0.08838834764831845,-0.08838834764831845,-0.08838834764831843,-0.12549116102763172,-0.17888543819998318,-0.08838834764831843,-0.08838834764831843,-0.12549116102763172,-0.08838834764831843,-0.08838834764831843,3.275251551754877,-0.36273812505500586,-0.08838834764831843,-0.08838834764831843,-0.12549116102763172,-0.12549116102763172,-0.08838834764831843,-0.08838834764831845,-0.08838834764831843,-0.1543033499620919,-0.3895968612369898,-0.08838834764831843,-0.08838834764831843,-0.08838834764831845,-0.08838834764831845,-0.08838834764831845,-0.08838834764831843,-0.08838834764831843,-0.08838834764831845,-0.08838834764831843,-0.08838834764831843,-0.23953506879020425,-0.2008048322256247,-0.12549116102763172,-0.08838834764831843,-0.08838834764831843,-0.12549116102763172,-0.08838834764831845,-0.08838834764831845,-0.08838834764831845,-0.08838834764831843,-0.1254911610276317,-0.08838834764831843,-0.1543033499620919,-0.3762883473534389,0.5265241901112212,-0.04628717018590235
-0.08689813966101781,-0.33651824249798684,-0.4788681080572785,-0.08838834764831843,-0.25712973861329,-0.08838834764831843,-0.20080483222562467,-0.08838834764831845,-0.08838834764831845,-0.08838834764831845,-0.08838834764831845,-0.08838834764831843,-0.12549116102763172,-0.17888543819998318,-0.08838834764831843,-0.08838834764831843,-0.12549116102763172,-0.08838834764831843,-0.08838834764831843,-0.3053200599093529,2.7568097504180447,-0.08838834764831843,-0.08838834764831843,-0.12549116102763172,-0.12549116102763172,-0.08838834764831843,-0.08838834764831845,-0.08838834764831843,-0.1543033499620919,-0.3895968612369898,-0.08838834764831843,-0.08838834764831843,-0.08838834764831845,-0.08838834764831845,-0.08838834764831845,-0.08838834764831843,-0.08838834764831843,-0.08838834764831845,-0.08838834764831843,-0.08838834764831843,-0.23953506879020425,-0.2008048322256247,-0.12549116102763172,-0.08838834764831843,-0.08838834764831843,-0.12549116102763172,-0.08838834764831845,-0.08838834764831845,-0.08838834764831845,-0.08838834764831843,-0.1254911610276317,-0.08838834764831843,-0.1543033499620919,-0.3762883473534389,0.5265241901112212,-0.0461754588287882
-0.010984866413131488,-0.44834424270983736,-0.39568650467018796,-0.08838834764831843,-0.25712973861329,-0.08838834764831843,-0.20080483222562467,-0.08838834764831845,-0.08838834764831845,-0.08838834764831845,-0.08838834764831845,-0.08838834764831843,-0.12549116102763172,-0.17888543819998318,-0.08838834764831843,-0.08838834764831843,-0.12549116102763172,11.31370849898476,-0.08838834764831843,-0.3053200599093529,-0.36273812505500586,-0.08838834764831843,-0.08838834764831843,-0.12549116102763172,-0.12549116102763172,-0.08838834764831843,-0.08838834764831845,-0.08838834764831843,-0.1543033499620919,-0.3895968612369898,-0.08838834764831843,-0.08838834764831843,-0.08838834764831845,-0.08838834764831845,-0.08838834764831845,-0.08838834764831843,-0.08838834764831843,-0.08838834764831845,-0.08838834764831843,-0.08838834764831843,-0.23953506879020425,-0.2008048322256247,-0.12549116102763172,-0.08838834764831843,-0.08838834764831843,-0.12549116102763172,-0.08838834764831845,-0.08838834764831845,-0.08838834764831845,-0.08838834764831843,-0.1254911610276317,-0.08838834764831843,-0.1543033499620919,-0.3762883473534389,0.5265241901112212,-0.04555028485911802
0.19145052891456746,1.7658105614847996,1.7282171018135242,-0.08838834764831843,-0.25712973861329,-0.08838834764831843,-0.20080483222562467,-0.08838834764831845,-0.08838834764831845,-0.08838834764831845,-0.08838834764831845,-0.08838834764831843,-0.12549116102763172,-0.17888543819998318,-0.08838834764831843,-0.08838834764831843,-0.12549116102763172,-0.08838834764831843,-0.08838834764831843,-0.3053200599093529,-0.36273812505500586,-0.08838834764831843,-0.08838834764831843,-0.12549116102763172,-0.12549116102763172,-0.08838834764831843,-0.08838834764831845,-0.08838834764831843,-0.1543033499620919,-0.3895968612369898,-0.08838834764831843,-0.08838834764831843,-0.08838834764831845,-0.08838834764831845,-0.08838834764831845,-0.08838834764831843,-0.08838834764831843,-0.08838834764831845,-0.08838834764831843,-0.08838834764831843,4.1747540560578456,-0.2008048322256247,-0.12549116102763172,-0.08838834764831843,-0.08838834764831843,-0.12549116102763172,-0.08838834764831845,-0.08838834764831845,-0.08838834764831845,-0.08838834764831843,-0.1254911610276317,-0.08838834764831843,-0.1543033499620919,-0.3762883473534389,0.5265241901112212,-0.04619627325537086
0.2673638021624547,2.146018962205091,2.2605793634909035,-0.08838834764831843,-0.25712973861329,-0.08838834764831843,-0.20080483222562467,-0.08838834764831845,-0.08838834764831845,-0.08838834764831845,-0.08838834764831845,-0.08838834764831843,-0.12549116102763172,-0.17888543819998318,-0.08838834764831843,-0.08838834764831843,-0.12549116102763172,-0.08838834764831843,-0.08838834764831843,-0.3053200599093529,-0.36273812505500586,-0.08838834764831843,-0.08838834764831843,-0.12549116102763172,-0.12549116102763172,-0.08838834764831843,-0.08838834764831845,-0.08838834764831843,-0.1543033499620919,-0.3895968612369898,-0.08838834764831843,-0.08838834764831843,-0.08838834764831845,-0.08838834764831845,-0.08838834764831845,-0.08838834764831843,-0.08838834764831843,-0.08838834764831845,-0.08838834764831843,-0.08838834764831843,-0.23953506879020425,-0.2008048322256247,-0.12549116102763172,-0.08838834764831843,-0.08838834764831843,-0.12549116102763172,-0.08838834764831845,-0.08838834764831845,-0.08838834764831845,-0.08838834764831843,-0.1254911610276317,-0.08838834764831843,-0.1543033499620919,-0.3762883473534389,0.5265241901112212,-0.04617241058723201
-0.061593715245056004,-0.15759664215902627,-0.2958685806056793,-0.08838834764831843,-0.25712973861329,-0.08838834764831843,-0.20080483222562467,-0.08838834764831845,-0.08838834764831845,-0.08838834764831845,-0.08838834764831845,-0.08838834764831843,-0.12549116102763172,-0.17888543819998318,-0.08838834764831843,-0.08838834764831843,-0.12549116102763172,-0.08838834764831843,-0.08838834764831843,3.275251551754877,-0.36273812505500586,-0.08838834764831843,-0.08838834764831843,-0.12549116102763172,-0.12549116102763172,-0.08838834764831843,-0.08838834764831845,-0.08838834764831843,-0.1543033499620919,-0.3895968612369898,-0.08838834764831843,-0.08838834764831843,-0.08838834764831845,-0.08838834764831845,-0.08838834764831845,-0.08838834764831843,-0.08838834764831843,-0.08838834764831845,-0.08838834764831843,-0.08838834764831843,-0.23953506879020425,-0.2008048322256247,-0.12549116102763172,-0.08838834764831843,-0.08838834764831843,-0.12549116102763172,-0.08838834764831845,-0.08838834764831845,-0.08838834764831845,-0.08838834764831843,-0.1254911610276317,-0.08838834764831843,-0.1543033499620919,-0.3762883473534389,0.5265241901112212,-0.04617545456221141
-0.13750698849294324,-0.6719962431335379,-0.5121407494121147,-0.08838834764831843,-0.25712973861329,-0.08838834764831843,-0.20080483222562467,-0.08838834764831845,-0.08838834764831845,-0.08838834764831845,-0.08838834764831845,-0.08838834764831843,-0.12549116102763172,-0.17888543819998318,-0.08838834764831843,-0.08838834764831843,-0.12549116102763172,-0.08838834764831843,-0.08838834764831843,-0.3053200599093529,-0.36273812505500586,-0.08838834764831843,-0.08838834764831843,-0.12549116102763172,-0.12549116102763172,-0.08838834764831843,-0.08838834764831845,-0.08838834764831843,-0.1543033499620919,-0.3895968612369898,-0.08838834764831843,-0.08838834764831843,-0.08838834764831845,-0.08838834764831845,-0.08838834764831845,-0.08838834764831843,-0.08838834764831843,-0.08838834764831845,-0.08838834764831843,-0.08838834764831843,4.1747540560578456,-0.2008048322256247,-0.12549116102763172,-0.08838834764831843,-0.08838834764831843,-0.12549116102763172,-0.08838834764831845,-0.08838834764831845,-0.08838834764831845,-0.08838834764831843,-0.1254911610276317,-0.08838834764831843,-0.1543033499620919,-0.3762883473534389,0.5265241901112212,-0.04622099568487518
-0.036289290829093296,0.08842055830704468,-0.5953223527992053,-0.08838834764831843,-0.25712973861329,-0.08838834764831843,-0.20080483222562467,-0.08838834764831845,-0.08838834764831845,-0.08838834764831845,-0.08838834764831845,-0.08838834764831843,-0.12549116102763172,-0.17888543819998318,-0.08838834764831843,-0.08838834764831843,-0.12549116102763172,-0.08838834764831843,-0.08838834764831843,-0.3053200599093529,-0.36273812505500586,-0.08838834764831843,-0.08838834764831843,-0.12549116102763172,-0.12549116102763172,-0.08838834764831843,-0.08838834764831845,-0.08838834764831843,-0.1543033499620919,-0.3895968612369898,-0.08838834764831843,-0.08838834764831843,-0.08838834764831845,-0.08838834764831845,-0.08838834764831845,-0.08838834764831843,-0.08838834764831843,-0.08838834764831845,-0.08838834764831843,-0.08838834764831843,-0.23953506879020425,-0.2008048322256247,-0.12549116102763172,-0.08838834764831843,-0.08838834764831843,-0.12549116102763172,-0.08838834764831845,-0.08838834764831845,-0.08838834764831845,-0.08838834764831843,-0.1254911610276317,-0.08838834764831843,-0.1543033499620919,-0.3762883473534389,0.5265241901112212,-0.04620402884918596
-0.01098486641313059,0.08842055830704443,-0.4178682655734121,-0.08838834764831843,-0.25712973861329,-0.08838834764831843,-0.20080483222562467,-0.08838834764831845,-0.08838834764831845,-0.08838834764831845,-0.08838834764831845,-0.08838834764831843,-0.12549116102763172,-0.17888543819998318,-0.08838834764831843,-0.08838834764831843,-0.12549116102763172,-0.08838834764831843,-0.08838834764831843,3.275251551754877,-0.36273812505500586,-0.08838834764831843,-0.08838834764831843,-0.12549116102763172,-0.12549116102763172,-0.08838834764831843,-0.08838834764831845,-0.08838834764831843,-0.1543033499620919,-0.3895968612369898,-0.08838834764831843,-0.08838834764831843,-0.08838834764831845,-0.08838834764831845,-0.08838834764831845,-0.08838834764831843,-0.08838834764831843,-0.08838834764831845,-0.08838834764831843,-0.08838834764831843,-0.23953506879020425,-0.2008048322256247,-0.12549116102763172,-0.08838834764831843,-0.08838834764831843,-0.12549116102763172,-0.08838834764831845,-0.08838834764831845,-0.08838834764831845,-0.08838834764831843,-0.1254911610276317,-0.08838834764831843,-0.1543033499620919,-0.3762883473534389,0.5265241901112212,-0.04612782201882736
0.014319558002831217,0.6028201592815557,-0.34577754263793364,-0.08838834764831843,-0.25712973861329,-0.08838834764831843,-0.20080483222562467,-0.08838834764831845,-0.08838834764831845,-0.08838834764831845,-0.08838834764831845,-0.08838834764831843,-0.12549116102763172,-0.17888543819998318,-0.08838834764831843,-0.08838834764831843,-0.12549116102763172,-0.08838834764831843,-0.08838834764831843,-0.3053200599093529,-0.36273812505500586,-0.08838834764831843,-0.08838834764831843,-0.12549116102763172,-0.12549116102763172,-0.08838834764831843,-0.08838834764831845,-0.08838834764831843,-0.1543033499620919,-0.3895968612369898,-0.08838834764831843,-0.08838834764831843,-0.08838834764831845,-0.08838834764831845,-0.08838834764831845,-0.08838834764831843,-0.08838834764831843,-0.08838834764831845,-0.08838834764831843,-0.08838834764831843,4.1747540560578456,-0.2008048322256247,-0.12549116102763172,-0.08838834764831843,-0.08838834764831843,-0.12549116102763172,-0.08838834764831845,-0.08838834764831845,-0.08838834764831845,-0.08838834764831843,-0.1254911610276317,-0.08838834764831843,-0.1543033499620919,-0.3762883473534389,0.5265241901112212,-0.046237510851984985
0.24205937774649203,1.96709736186613,1.6339446179748216,-0.08838834764831843,-0.25712973861329,-0.08838834764831843,-0.20080483222562467,-0.08838834764831845,-0.08838834764831845,-0.08838834764831845,-0.08838834764831845,-0.08838834764831843,-0.12549116102763172,-0.17888543819998318,-0.08838834764831843,-0.08838834764831843,-0.12549116102763172,-0.08838834764831843,-0.08838834764831843,-0.3053200599093529,-0.36273812505500586,-0.08838834764831843,-0.08838834764831843,-0.12549116102763172,-0.12549116102763172,-0.08838834764831843,-0.08838834764831845,-0.08838834764831843,-0.1543033499620919,-0.3895968612369898,-0.08838834764831843,-0.08838834764831843,-0.08838834764831845,-0.08838834764831845,-0.08838834764831845,-0.08838834764831843,-0.08838834764831843,-0.08838834764831845,-0.08838834764831843,-0.08838834764831843,-0.23953506879020425,-0.2008048322256247,-0.12549116102763172,-0.08838834764831843,-0.08838834764831843,-0.12549116102763172,-0.08838834764831845,-0.08838834764831845,-0.08838834764831845,-0.08838834764831843,-0.1254911610276317,-0.08838834764831843,-0.1543033499620919,-0.3762883473534389,0.5265241901112212,-0.04617221964859589
-0.061593715245055115,-0.40361384262509703,-0.2792322599282612,-0.08838834764831843,-0.25712973861329,-0.08838834764831843,-0.20080483222562467,-0.08838834764831845,-0.08838834764831845,-0.08838834764831845,-0.08838834764831845,-0.08838834764831843,-0.12549116102763172,-0.17888543819998318,-0.08838834764831843,-0.08838834764831843,-0.12549116102763172,-0.08838834764831843,-0.08838834764831843,-0.3053200599093529,-0.36273812505500586,-0.08838834764831843,-0.08838834764831843,-0.12549116102763172,-0.12549116102763172,-0.08838834764831843,-0.08838834764831845,-0.08838834764831843,-0.1543033499620919,-0.3895968612369898,-0.08838834764831843,-0.08838834764831843,-0.08838834764831845,-0.08838834764831845,-0.08838834764831845,-0.08838834764831843,-0.08838834764831843,-0.08838834764831845,-0.08838834764831843,-0.08838834764831843,-0.23953506879020425,-0.2008048322256247,-0.12549116102763172,-0.08838834764831843,-0.08838834764831843,-0.12549116102763172,-0.08838834764831845,-0.08838834764831845,-0.08838834764831845,-0.08838834764831843,-0.1254911610276317,-0.08838834764831843,-0.1543033499620919,-0.3762883473534389,0.5265241901112212,-0.04596090797745626
-0.061593715245056004,-0.24705744232850674,-0.16832345541214044,-0.08838834764831843,-0.25712973861329,-0.08838834764831843,-0.20080483222562467,-0.08838834764831845,-0.08838834764831845,-0.08838834764831845,-0.08838834764831845,-0.08838834764831843,-0.12549116102763172,-0.17888543819998318,-0.08838834764831843,11.31370849898476,-0.12549116102763172,-0.08838834764831843,-0.08838834764831843,-0.3053200599093529,-0.36273812505500586,-0.08838834764831843,-0.08838834764831843,-0.12549116102763172,-0.12549116102763172,-0.08838834764831843,-0.08838834764831845,-0.08838834764831843,-0.1543033499620919,-0.3895968612369898,-0.08838834764831843,-0.08838834764831843,-0.08838834764831845,-0.08838834764831845,-0.08838834764831845,-0.08838834764831843,-0.08838834764831843,-0.08838834764831845,-0.08838834764831843,-0.08838834764831843,-0.23953506879020425,-0.2008048322256247,-0.12549116102763172,-0.08838834764831843,-0.08838834764831843,-0.12549116102763172,-0.08838834764831845,-0.08838834764831845,-0.08838834764831845,-0.08838834764831843,-0.1254911610276317,-0.08838834764831843,-0.1543033499620919,-0.3762883473534389,0.5265241901112212,-0.04611694116072325
-0.036289290829093296,0.22261175856126508,-0.550958830992757,-0.08838834764831843,-0.25712973861329,-0.08838834764831843,-0.20080483222562467,-0.08838834764831845,-0.08838834764831845,-0.08838834764831845,-0.08838834764831845,-0.08838834764831843,-0.12549116102763172,-0.17888543819998318,-0.08838834764831843,-0.08838834764831843,7.968688725254615,-0.08838834764831843,-0.08838834764831843,-0.3053200599093529,-0.36273812505500586,-0.08838834764831843,-0.08838834764831843,-0.12549116102763172,-0.12549116102763172,-0.08838834764831843,-0.08838834764831845,-0.08838834764831843,-0.1543033499620919,-0.3895968612369898,-0.08838834764831843,-0.08838834764831843,-0.08838834764831845,-0.08838834764831845,-0.08838834764831845,-0.08838834764831843,-0.08838834764831843,-0.08838834764831845,-0.08838834764831843,-0.08838834764831843,-0.23953506879020425,-0.2008048322256247,-0.12549116102763172,-0.08838834764831843,-0.08838834764831843,-0.12549116102763172,-0.08838834764831845,-0.08838834764831845,-0.08838834764831845,-0.08838834764831843,-0.1254911610276317,-0.08838834764831843,-0.1543033499620919,-0.3762883473534389,0.5265241901112212,-0.046250685140093444
0.039623982418793925,0.513359359112076,-0.3402321024121276,-0.08838834764831843,-0.25712973861329,-0.08838834764831843,-0.20080483222562467,-0.08838834764831845,-0.08838834764831845,-0.08838834764831845,-0.08838834764831845,-0.08838834764831843,-0.12549116102763172,-0.17888543819998318,-0.08838834764831843,-0.08838834764831843,-0.12549116102763172,-0.08838834764831843,-0.08838834764831843,3.275251551754877,-0.36273812505500586,-0.08838834764831843,-0.08838834764831843,-0.12549116102763172,-0.12549116102763172,-0.08838834764831843,-0.08838834764831845,-0.08838834764831843,-0.1543033499620919,-0.3895968612369898,-0.08838834764831843,-0.08838834764831843,-0.08838834764831845,-0.08838834764831845,-0.08838834764831845,-0.08838834764831843,-0.08838834764831843,-0.08838834764831845,-0.08838834764831843,-0.08838834764831843,-0.23953506879020425,-0.2008048322256247,-0.12549116102763172,-0.08838834764831843,-0.08838834764831843,-0.12549116102763172,-0.08838834764831845,-0.08838834764831845,-0.08838834764831845,-0.08838834764831843,-0.1254911610276317,-0.08838834764831843,-0.1543033499620919,-0.3762883473534389,0.5265241901112212,-0.046162234993398416
-0.08689813966101781,-0.0010402418624355409,-0.5897769125733993,-0.08838834764831843,-0.25712973861329,-0.08838834764831843,-0.20080483222562467,-0.08838834764831845,-0.08838834764831845,-0.08838834764831845,-0.08838834764831845,-0.08838834764831843,-0.12549116102763172,-0.17888543819998318,-0.08838834764831843,-0.08838834764831843,-0.12549116102763172,-0.08838834764831843,11.31370849898476,-0.3053200599093529,-0.36273812505500586,-0.08838834764831843,-0.08838834764831843,-0.12549116102763172,-0.12549116102763172,-0.08838834764831843,-0.08838834764831845,-0.08838834764831843,-0.1543033499620919,-0.3895968612369898,-0.08838834764831843,-0.08838834764831843,-0.08838834764831845,-0.08838834764831845,-0.08838834764831845,-0.08838834764831843,-0.08838834764831843,-0.08838834764831845,-0.08838834764831843,-0.08838834764831843,-0.23953506879020425,-0.2008048322256247,-0.12549116102763172,-0.08838834764831843,-0.08838834764831843,-0.12549116102763172,-0.08838834764831845,-0.08838834764831845,-0.08838834764831845,-0.08838834764831843,-0.1254911610276317,-0.08838834764831843,-0.1543033499620919,-0.3762883473534389,0.5265241901112212,-0.04633299485563009
0.09023283125071843,1.050124160128957,-0.5121407494121147,-0.08838834764831843,-0.25712973861329,-0.08838834764831843,-0.20080483222562467,-0.08838834764831845,-0.08838834764831845,-0.08838834764831845,-0.08838834764831845,-0.08838834764831843,-0.12549116102763172,-0.17888543819998318,-0.08838834764831843,-0.08838834764831843,-0.12549116102763172,-0.08838834764831843,-0.08838834764831843,3.275251551754877,-0.36273812505500586,-0.08838834764831843,-0.08838834764831843,-0.12549116102763172,-0.12549116102763172,-0.08838834764831843,-0.08838834764831845,-0.08838834764831843,-0.1543033499620919,-0.3895968612369898,-0.08838834764831843,-0.08838834764831843,-0.08838834764831845,-0.08838834764831845,-0.08838834764831845,-0.08838834764831843,-0.08838834764831843,-0.08838834764831845,-0.08838834764831843,-0.08838834764831843,-0.23953506879020425,-0.2008048322256247,-0.12549116102763172,-0.08838834764831843,-0.08838834764831843,-0.12549116102763172,-0.08838834764831845,-0.08838834764831845,-0.08838834764831845,-0.08838834764831843,-0.1254911610276317,-0.08838834764831843,-0.1543033499620919,-0.3762883473534389,0.5265241901112212,-0.04620402441860781
0.039623982418793925,0.7146461594934065,-0.42895914602502416,-0.08838834764831843,-0.25712973861329,-0.08838834764831843,-0.20080483222562467,-0.08838834764831845,-0.08838834764831845,-0.08838834764831845,-0.08838834764831845,-0.08838834764831843,-0.12549116102763172,-0.17888543819998318,-0.08838834764831843,-0.08838834764831843,-0.12549116102763172,-0.08838834764831843,-0.08838834764831843,3.275251551754877,-0.36273812505500586,-0.08838834764831843,-0.08838834764831843,-0.12549116102763172,-0.12549116102763172,-0.08838834764831843,-0.08838834764831845,-0.08838834764831843,-0.1543033499620919,-0.3895968612369898,-0.08838834764831843,-0.08838834764831843,-0.08838834764831845,-0.08838834764831845,-0.08838834764831845,-0.08838834764831843,-0.08838834764831843,-0.08838834764831845,-0.08838834764831843,-0.08838834764831843,-0.23953506879020425,-0.2008048322256247,-0.12549116102763172,-0.08838834764831843,-0.08838834764831843,-0.12549116102763172,-0.08838834764831845,-0.08838834764831845,-0.08838834764831845,-0.08838834764831843,-0.1254911610276317,-0.08838834764831843,-0.1543033499620919,-0.3762883473534389,0.5265241901112212,-0.04621583215496269
0.039623982418793925,0.7146461594934063,-0.22932329789600686,-0.08838834764831843,-0.25712973861329,-0.08838834764831843,-0.20080483222562467,-0.08838834764831845,-0.08838834764831845,-0.08838834764831845,-0.08838834764831845,-0.08838834764831843,-0.12549116102763172,-0.17888543819998318,-0.08838834764831843,-0.08838834764831843,-0.12549116102763172,-0.08838834764831843,-0.08838834764831843,3.275251551754877,-0.36273812505500586,-0.08838834764831843,-0.08838834764831843,-0.12549116102763172,-0.12549116102763172,-0.08838834764831843,-0.08838834764831845,-0.08838834764831843,-0.1543033499620919,-0.3895968612369898,-0.08838834764831843,-0.08838834764831843,-0.08838834764831845,-0.08838834764831845,-0.08838834764831845,-0.08838834764831843,-0.08838834764831843,-0.08838834764831845,-0.08838834764831843,-0.08838834764831843,-0.23953506879020425,-0.2008048322256247,-0.12549116102763172,-0.08838834764831843,-0.08838834764831843,-0.12549116102763172,-0.08838834764831845,-0.08838834764831845,-0.08838834764831845,-0.08838834764831843,-0.1254911610276317,-0.08838834764831843,-0.1543033499620919,-0.3762883473534389,0.5265241901112212,-0.04621583215496269
-0.16281141290890502,-0.7838222433453882,-0.6064132332508173,-0.08838834764831843,-0.25712973861329,-0.08838834764831843,-0.20080483222562467,-0.08838834764831845,-0.08838834764831845,-0.08838834764831845,-0.08838834764831845,-0.08838834764831843,-0.12549116102763172,-0.17888543819998318,-0.08838834764831843,-0.08838834764831843,7.968688725254615,-0.08838834764831843,-0.08838834764831843,-0.3053200599093529,-0.36273812505500586,-0.08838834764831843,-0.08838834764831843,-0.12549116102763172,-0.12549116102763172,-0.08838834764831843,-0.08838834764831845,-0.08838834764831843,-0.1543033499620919,-0.3895968612369898,-0.08838834764831843,-0.08838834764831843,-0.08838834764831845,-0.08838834764831845,-0.08838834764831845,-0.08838834764831843,-0.08838834764831843,-0.08838834764831845,-0.08838834764831843,-0.08838834764831843,-0.23953506879020425,-0.2008048322256247,-0.12549116102763172,-0.08838834764831843,-0.08838834764831843,-0.12549116102763172,-0.08838834764831845,-0.08838834764831845,-0.08838834764831845,-0.08838834764831843,-0.1254911610276317,-0.08838834764831843,-0.1543033499620919,-0.3762883473534389,0.5265241901112212,-0.046585063000978914
-0.16281141290890502,-0.8061874433877582,-0.6285949941540415,-0.08838834764831843,-0.25712973861329,-0.08838834764831843,-0.20080483222562467,-0.08838834764831845,-0.08838834764831845,-0.08838834764831845,-0.08838834764831845,-0.08838834764831843,-0.12549116102763172,-0.17888543819998318,-0.08838834764831843,-0.08838834764831843,-0.12549116102763172,-0.08838834764831843,-0.08838834764831843,3.275251551754877,-0.36273812505500586,-0.08838834764831843,-0.08838834764831843,-0.12549116102763172,-0.12549116102763172,-0.08838834764831843,-0.08838834764831845,-0.08838834764831843,-0.1543033499620919,-0.3895968612369898,-0.08838834764831843,-0.08838834764831843,-0.08838834764831845,-0.08838834764831845,-0.08838834764831845,-0.08838834764831843,-0.08838834764831843,-0.08838834764831845,-0.08838834764831843,-0.08838834764831843,-0.23953506879020425,-0.2008048322256247,-0.12549116102763172,-0.08838834764831843,-0.08838834764831843,-0.12549116102763172,-0.08838834764831845,-0.08838834764831845,-0.08838834764831845,-0.08838834764831843,-0.1254911610276317,-0.08838834764831843,-0.1543033499620919,-0.3762883473534389,0.5265241901112212,-0.046585063000978914
4.9486823191154885,-0.023405441904806125,-0.15168713473472234,-0.08838834764831843,-0.25712973861329,-0.08838834764831843,-0.20080483222562467,-0.08838834764831845,-0.08838834764831845,-0.08838834764831845,-0.08838834764831845,-0.08838834764831843,-0.12549116102763172,-0.17888543819998318,-0.08838834764831843,-0.08838834764831843,-0.12549116102763172,-0.08838834764831843,-0.08838834764831843,-0.3053200599093529,-0.36273812505500586,-0.08838834764831843,-0.08838834764831843,-0.12549116102763172,-0.12549116102763172,-0.08838834764831843,-0.08838834764831845,-0.08838834764831843,-0.1543033499620919,-0.3895968612369898,-0.08838834764831843,-0.08838834764831843,-0.08838834764831845,-0.08838834764831845,-0.08838834764831845,-0.08838834764831843,-0.08838834764831843,-0.08838834764831845,-0.08838834764831843,-0.08838834764831843,4.1747540560578456,-0.2008048322256247,-0.12549116102763172,-0.08838834764831843,-0.08838834764831843,-0.12549116102763172,-0.08838834764831845,-0.08838834764831845,-0.08838834764831845,-0.08838834764831843,-0.1254911610276317,-0.08838834764831843,-0.1543033499620919,-0.3762883473534389,0.5265241901112212,-0.029165839236486933
-4.995956476357714,0.6475505593662965,0.644083537668444,-0.08838834764831843,-0.25712973861329,-0.08838834764831843,-0.20080483222562467,-0.08838834764831845,-0.08838834764831845,-0.08838834764831845,-0.08838834764831845,-0.08838834764831843,-0.12549116102763172,-0.17888543819998318,-0.08838834764831843,-0.08838834764831843,-0.12549116102763172,-0.08838834764831843,-0.08838834764831843,-0.3053200599093529,-0.36273812505500586,-0.08838834764831843,-0.08838834764831843,-0.12549116102763172,-0.12549116102763172,-0.08838834764831843,-0.08838834764831845,-0.08838834764831843,-0.1543033499620919,-0.3895968612369898,-0.08838834764831843,-0.08838834764831843,-0.08838834764831845,-0.08838834764831845,-0.08838834764831845,-0.08838834764831843,-0.08838834764831843,-0.08838834764831845,-0.08838834764831843,-0.08838834764831843,4.1747540560578456,-0.2008048322256247,-0.12549116102763172,-0.08838834764831843,-0.08838834764831843,-0.12549116102763172,-0.08838834764831845,-0.08838834764831845,-0.08838834764831845,-0.08838834764831843,-0.1254911610276317,-0.08838834764831843,-0.1543033499620919,-0.3762883473534389,0.5265241901112212,-0.05578935783840354
0.14084168008264294,1.4303325608492485,-0.20159609676697668,-0.08838834764831843,-0.25712973861329,-0.08838834764831843,-0.20080483222562467,-0.08838834764831845,-0.08838834764831845,-0.08838834764831845,-0.08838834764831845,-0.08838834764831843,-0.12549116102763172,-0.17888543819998318,-0.08838834764831843,-0.08838834764831843,-0.12549116102763172,-0.08838834764831843,-0.08838834764831843,-0.3053200599093529,-0.36273812505500586,-0.08838834764831843,-0.08838834764831843,-0.12549116102763172,-0.12549116102763172,-0.08838834764831843,-0.08838834764831845,-0.08838834764831843,-0.1543033499620919,-0.3895968612369898,-0.08838834764831843,-0.08838834764831843,-0.08838834764831845,-0.08838834764831845,-0.08838834764831845,-0.08838834764831843,-0.08838834764831843,-0.08838834764831845,-0.08838834764831843,-0.08838834764831843,4.1747540560578456,-0.2008048322256247,-0.12549116102763172,-0.08838834764831843,-0.08838834764831843,-0.12549116102763172,-0.08838834764831845,-0.08838834764831845,-0.08838834764831845,-0.08838834764831843,-0.1254911610276317,-0.08838834764831843,-0.1543033499620919,-0.3762883473534389,0.5265241901112212,-0.04620328380517502
0.21675495333053016,1.4526977608916196,0.6468562577813469,-0.08838834764831843,-0.25712973861329,-0.08838834764831843,-0.20080483222562467,-0.08838834764831845,-0.08838834764831845,-0.08838834764831845,-0.08838834764831845,-0.08838834764831843,-0.12549116102763172,-0.17888543819998318,-0.08838834764831843,-0.08838834764831843,-0.12549116102763172,-0.08838834764831843,-0.08838834764831843,-0.3053200599093529,-0.36273812505500586,-0.08838834764831843,-0.08838834764831843,-0.12549116102763172,-0.12549116102763172,-0.08838834764831843,-0.08838834764831845,-0.08838834764831843,-0.1543033499620919,-0.3895968612369898,-0.08838834764831843,-0.08838834764831843,-0.08838834764831845,-0.08838834764831845,-0.08838834764831845,-0.08838834764831843,-0.08838834764831843,-0.08838834764831845,-0.08838834764831843,-0.08838834764831843,4.1747540560578456,-0.2008048322256247,-0.12549116102763172,-0.08838834764831843,-0.08838834764831843,-0.12549116102763172,-0.08838834764831845,-0.08838834764831845,-0.08838834764831845,-0.08838834764831843,-0.1254911610276317,-0.08838834764831843,-0.1543033499620919,-0.3762883473534389,0.5265241901112212,-0.04611242765435968
0.014319558002831217,0.5133593591120756,0.2475845615233123,-0.08838834764831843,-0.25712973861329,-0.08838834764831843,-0.20080483222562467,-0.08838834764831845,-0.08838834764831845,-0.08838834764831845,-0.08838834764831845,-0.08838834764831843,-0.12549116102763172,-0.17888543819998318,-0.08838834764831843,-0.08838834764831843,-0.12549116102763172,-0.08838834764831843,-0.08838834764831843,-0.3053200599093529,-0.36273812505500586,-0.08838834764831843,-0.08838834764831843,-0.12549116102763172,-0.12549116102763172,-0.08838834764831843,-0.08838834764831845,-0.08838834764831843,-0.1543033499620919,-0.3895968612369898,-0.08838834764831843,-0.08838834764831843,-0.08838834764831845,-0.08838834764831845,-0.08838834764831845,-0.08838834764831843,-0.08838834764831843,-0.08838834764831845,-0.08838834764831843,-0.08838834764831843,-0.23953506879020425,4.979959839195493,-0.12549116102763172,-0.08838834764831843,-0.08838834764831843,-0.12549116102763172,-0.08838834764831845,-0.08838834764831845,-0.08838834764831845,-0.08838834764831843,-0.1254911610276317,-0.08838834764831843,-0.1543033499620919,-0.3762883473534389,0.5265241901112212,-0.04621508849434598
-0.16281141290890502,-0.739091843260648,-0.42895914602502416,-0.08838834764831843,-0.25712973861329,-0.08838834764831843,-0.20080483222562467,-0.08838834764831845,-0.08838834764831845,-0.08838834764831845,-0.08838834764831845,-0.08838834764831843,-0.12549116102763172,-0.17888543819998318,-0.08838834764831843,-0.08838834764831843,-0.12549116102763172,-0.08838834764831843,-0.08838834764831843,-0.3053200599093529,-0.36273812505500586,-0.08838834764831843,-0.08838834764831843,-0.12549116102763172,-0.12549116102763172,-0.08838834764831843,-0.08838834764831845,-0.08838834764831843,-0.1543033499620919,2.5667557916789914,-0.08838834764831843,-0.08838834764831843,-0.08838834764831845,-0.08838834764831845,-0.08838834764831845,-0.08838834764831843,-0.08838834764831843,-0.08838834764831845,-0.08838834764831843,-0.08838834764831843,-0.23953506879020425,-0.2008048322256247,-0.12549116102763172,-0.08838834764831843,-0.08838834764831843,-0.12549116102763172,-0.08838834764831845,-0.08838834764831845,-0.08838834764831845,-0.08838834764831843,-0.1254911610276317,-0.08838834764831843,-0.1543033499620919,-0.3762883473534389,0.5265241901112212,-0.046585063000978914
-0.16281141290890502,-0.7838222433453882,-0.44005002647663627,-0.08838834764831843,-0.25712973861329,-0.08838834764831843,-0.20080483222562467,-0.08838834764831845,-0.08838834764831845,-0.08838834764831845,-0.08838834764831845,-0.08838834764831843,-0.12549116102763172,-0.17888543819998318,-0.08838834764831843,-0.08838834764831843,-0.12549116102763172,-0.08838834764831843,-0.08838834764831843,-0.3053200599093529,-0.36273812505500586,-0.08838834764831843,-0.08838834764831843,-0.12549116102763172,-0.12549116102763172,-0.08838834764831843,-0.08838834764831845,-0.08838834764831843,-0.1543033499620919,2.5667557916789914,-0.08838834764831843,-0.08838834764831843,-0.08838834764831845,-0.08838834764831845,-0.08838834764831845,-0.08838834764831843,-0.08838834764831843,-0.08838834764831845,-0.08838834764831843,-0.08838834764831843,-0.23953506879020425,-0.2008048322256247,-0.12549116102763172,-0.08838834764831843,-0.08838834764831843,-0.12549116102763172,-0.08838834764831845,-0.08838834764831845,-0.08838834764831845,-0.08838834764831843,-0.1254911610276317,-0.08838834764831843,-0.1543033499620919,-0.3762883473534389,0.5265241901112212,-0.046585063000978914
-0.061593715245056004,-0.24705744232850674,-0.2736868197024551,-0.08838834764831843,-0.25712973861329,-0.08838834764831843,-0.20080483222562467,-0.08838834764831845,-0.08838834764831845,-0.08838834764831845,-0.08838834764831845,-0.08838834764831843,-0.12549116102763172,-0.17888543819998318,-0.08838834764831843,-0.08838834764831843,-0.12549116102763172,-0.08838834764831843,-0.08838834764831843,-0.3053200599093529,-0.36273812505500586,-0.08838834764831843,-0.08838834764831843,-0.12549116102763172,-0.12549116102763172,-0.08838834764831843,-0.08838834764831845,-0.08838834764831843,-0.1543033499620919,-0.3895968612369898,-0.08838834764831843,-0.08838834764831843,-0.08838834764831845,-0.08838834764831845,-0.08838834764831845,-0.08838834764831843,-0.08838834764831843,-0.08838834764831845,-0.08838834764831843,-0.08838834764831843,-0.23953506879020425,-0.2008048322256247,-0.12549116102763172,-0.08838834764831843,-0.08838834764831843,7.968688725254614,-0.08838834764831845,-0.08838834764831845,-0.08838834764831845,-0.08838834764831843,-0.1254911610276317,-0.08838834764831843,-0.1543033499620919,-0.3762883473534389,0.5265241901112212,-0.04611694116072325
-0.16281141290890502,-0.8509178434724983,-0.5786860321217872,-0.08838834764831843,-0.25712973861329,-0.08838834764831843,-0.20080483222562467,-0.08838834764831845,-0.08838834764831845,-0.08838834764831845,-0.08838834764831845,-0.08838834764831843,-0.12549116102763172,-0.17888543819998318,-0.08838834764831843,-0.08838834764831843,-0.12549116102763172,-0.08838834764831843,-0.08838834764831843,-0.3053200599093529,-0.36273812505500586,-0.08838834764831843,-0.08838834764831843,-0.12549116102763172,-0.12549116102763172,-0.08838834764831843,-0.08838834764831845,-0.08838834764831843,-0.1543033499620919,2.5667557916789914,-0.08838834764831843,-0.08838834764831843,-0.08838834764831845,-0.08838834764831845,-0.08838834764831845,-0.08838834764831843,-0.08838834764831843,-0.08838834764831845,-0.08838834764831843,-0.08838834764831843,-0.23953506879020425,-0.2008048322256247,-0.12549116102763172,-0.08838834764831843,-0.08838834764831843,-0.12549116102763172,-0.08838834764831845,-0.08838834764831845,-0.08838834764831845,-0.08838834764831843,-0.1254911610276317,-0.08838834764831843,-0.1543033499620919,-0.3762883473534389,0.5265241901112212,-0.046585063000978914
-0.1881158373248668,-0.7614570433030183,-0.4345045862508302,-0.08838834764831843,-0.25712973861329,-0.08838834764831843,-0.20080483222562467,-0.08838834764831845,-0.08838834764831845,-0.08838834764831845,-0.08838834764831845,-0.08838834764831843,-0.12549116102763172,-0.17888543819998318,-0.08838834764831843,-0.08838834764831843,-0.12549116102763172,-0.08838834764831843,-0.08838834764831843,-0.3053200599093529,-0.36273812505500586,-0.08838834764831843,-0.08838834764831843,-0.12549116102763172,-0.12549116102763172,-0.08838834764831843,-0.08838834764831845,-0.08838834764831843,-0.1543033499620919,2.5667557916789914,-0.08838834764831843,-0.08838834764831843,-0.08838834764831845,-0.08838834764831845,-0.08838834764831845,-0.08838834764831843,-0.08838834764831843,-0.08838834764831845,-0.08838834764831843,-0.08838834764831843,-0.23953506879020425,-0.2008048322256247,-0.12549116102763172,-0.08838834764831843,-0.08838834764831843,-0.12549116102763172,-0.08838834764831845,-0.08838834764831845,-0.08838834764831845,-0.08838834764831843,-0.1254911610276317,-0.08838834764831843,-0.1543033499620919,-0.3762883473534389,0.5265241901112212,-0.04724032593084289
-0.16281141290890502,-0.7838222433453882,-0.44005002647663627,-0.08838834764831843,-0.25712973861329,-0.08838834764831843,-0.20080483222562467,-0.08838834764831845,-0.08838834764831845,-0.08838834764831845,-0.08838834764831845,-0.08838834764831843,-0.12549116102763172,-0.17888543819998318,-0.08838834764831843,-0.08838834764831843,-0.12549116102763172,-0.08838834764831843,-0.08838834764831843,-0.3053200599093529,-0.36273812505500586,-0.08838834764831843,-0.08838834764831843,-0.12549116102763172,-0.12549116102763172,-0.08838834764831843,-0.08838834764831845,-0.08838834764831843,-0.1543033499620919,2.5667557916789914,-0.08838834764831843,-0.08838834764831843,-0.08838834764831845,-0.08838834764831845,-0.08838834764831845,-0.08838834764831843,-0.08838834764831843,-0.08838834764831845,-0.08838834764831843,-0.08838834764831843,-0.23953506879020425,-0.2008048322256247,-0.12549116102763172,-0.08838834764831843,-0.08838834764831843,-0.12549116102763172,-0.08838834764831845,-0.08838834764831845,-0.08838834764831845,-0.08838834764831843,-0.1254911610276317,-0.08838834764831843,-0.1543033499620919,-0.3762883473534389,0.5265241901112212,-0.046585063000978914
-0.11220256407698051,-0.2694226423708768,-0.14614169450891631,-0.08838834764831843,-0.25712973861329,-0.08838834764831843,-0.20080483222562467,-0.08838834764831845,-0.08838834764831845,-0.08838834764831845,-0.08838834764831845,-0.08838834764831843,-0.12549116102763172,-0.17888543819998318,-0.08838834764831843,-0.08838834764831843,-0.12549116102763172,-0.08838834764831843,-0.08838834764831843,-0.3053200599093529,-0.36273812505500586,-0.08838834764831843,-0.08838834764831843,-0.12549116102763172,-0.12549116102763172,-0.08838834764831843,-0.08838834764831845,-0.08838834764831843,-0.1543033499620919,-0.3895968612369898,-0.08838834764831843,-0.08838834764831843,-0.08838834764831845,-0.08838834764831845,-0.08838834764831845,-0.08838834764831843,-0.08838834764831843,-0.08838834764831845,-0.08838834764831843,-0.08838834764831843,-0.23953506879020425,-0.2008048322256247,-0.12549116102763172,-0.08838834764831843,-0.08838834764831843,7.968688725254614,-0.08838834764831845,-0.08838834764831845,-0.08838834764831845,-0.08838834764831843,-0.1254911610276317,-0.08838834764831843,-0.1543033499620919,-0.3762883473534389,0.5265241901112212,-0.04634233347894271
-0.16281141290890502,-0.8509178434724983,-0.6008677930250113,-0.08838834764831843,-0.25712973861329,-0.08838834764831843,-0.20080483222562467,-0.08838834764831845,-0.08838834764831845,-0.08838834764831845,-0.08838834764831845,-0.08838834764831843,-0.12549116102763172,-0.17888543819998318,-0.08838834764831843,-0.08838834764831843,-0.12549116102763172,-0.08838834764831843,-0.08838834764831843,-0.3053200599093529,-0.36273812505500586,-0.08838834764831843,-0.08838834764831843,-0.12549116102763172,-0.12549116102763172,-0.08838834764831843,-0.08838834764831845,-0.08838834764831843,-0.1543033499620919,2.5667557916789914,-0.08838834764831843,-0.08838834764831843,-0.08838834764831845,-0.08838834764831845,-0.08838834764831845,-0.08838834764831843,-0.08838834764831843,-0.08838834764831845,-0.08838834764831843,-0.08838834764831843,-0.23953506879020425,-0.2008048322256247,-0.12549116102763172,-0.08838834764831843,-0.08838834764831843,-0.12549116102763172,-0.08838834764831845,-0.08838834764831845,-0.08838834764831845,-0.08838834764831843,-0.1254911610276317,-0.08838834764831843,-0.1543033499620919,-0.3762883473534389,0.5265241901112212,-0.046585063000978914
-0.18811583732486772,-0.8285526434301282,-0.6230495539282355,-0.08838834764831843,-0.25712973861329,-0.08838834764831843,-0.20080483222562467,-0.08838834764831845,-0.08838834764831845,-0.08838834764831845,-0.08838834764831845,-0.08838834764831843,-0.12549116102763172,-0.17888543819998318,-0.08838834764831843,-0.08838834764831843,-0.12549116102763172,-0.08838834764831843,-0.08838834764831843,-0.3053200599093529,-0.36273812505500586,-0.08838834764831843,-0.08838834764831843,-0.12549116102763172,-0.12549116102763172,-0.08838834764831843,-0.08838834764831845,-0.08838834764831843,-0.1543033499620919,2.5667557916789914,-0.08838834764831843,-0.08838834764831843,-0.08838834764831845,-0.08838834764831845,-0.08838834764831845,-0.08838834764831843,-0.08838834764831843,-0.08838834764831845,-0.08838834764831843,-0.08838834764831843,-0.23953506879020425,-0.2008048322256247,-0.12549116102763172,-0.08838834764831843,-0.08838834764831843,-0.12549116102763172,-0.08838834764831845,-0.08838834764831845,-0.08838834764831845,-0.08838834764831843,-0.1254911610276317,-0.08838834764831843,-0.1543033499620919,-0.3762883473534389,0.5265241901112212,-0.0482227291240423
-0.13750698849294232,-0.7838222433453882,-0.4067773851218,-0.08838834764831843,-0.25712973861329,-0.08838834764831843,-0.20080483222562467,-0.08838834764831845,-0.08838834764831845,-0.08838834764831845,-0.08838834764831845,-0.08838834764831843,-0.12549116102763172,-0.17888543819998318,-0.08838834764831843,-0.08838834764831843,-0.12549116102763172,-0.08838834764831843,-0.08838834764831843,-0.3053200599093529,-0.36273812505500586,-0.08838834764831843,-0.08838834764831843,-0.12549116102763172,-0.12549116102763172,-0.08838834764831843,-0.08838834764831845,-0.08838834764831843,-0.1543033499620919,2.5667557916789914,-0.08838834764831843,-0.08838834764831843,-0.08838834764831845,-0.08838834764831845,-0.08838834764831845,-0.08838834764831843,-0.08838834764831843,-0.08838834764831845,-0.08838834764831843,-0.08838834764831843,-0.23953506879020425,-0.2008048322256247,-0.12549116102763172,-0.08838834764831843,-0.08838834764831843,-0.12549116102763172,-0.08838834764831845,-0.08838834764831845,-0.08838834764831845,-0.08838834764831843,-0.1254911610276317,-0.08838834764831843,-0.1543033499620919,-0.3762883473534389,0.5265241901112212,-0.045766025282346114
-0.1881158373248668,-0.8732830435148684,-0.6285949941540415,-0.08838834764831843,-0.25712973861329,-0.08838834764831843,-0.20080483222562467,-0.08838834764831845,-0.08838834764831845,-0.08838834764831845,-0.08838834764831845,-0.08838834764831843,-0.12549116102763172,-0.17888543819998318,-0.08838834764831843,-0.08838834764831843,-0.12549116102763172,-0.08838834764831843,-0.08838834764831843,-0.3053200599093529,-0.36273812505500586,-0.08838834764831843,-0.08838834764831843,-0.12549116102763172,-0.12549116102763172,-0.08838834764831843,-0.08838834764831845,-0.08838834764831843,-0.1543033499620919,2.5667557916789914,-0.08838834764831843,-0.08838834764831843,-0.08838834764831845,-0.08838834764831845,-0.08838834764831845,-0.08838834764831843,-0.08838834764831843,-0.08838834764831845,-0.08838834764831843,-0.08838834764831843,-0.23953506879020425,-0.2008048322256247,-0.12549116102763172,-0.08838834764831843,-0.08838834764831843,-0.12549116102763172,-0.08838834764831845,-0.08838834764831845,-0.08838834764831845,-0.08838834764831843,-0.1254911610276317,-0.08838834764831843,-0.1543033499620919,-0.3762883473534389,0.5265241901112212,-3.323554975250708
-0.18811583732486772,-0.8509178434724983,-0.5953223527992053,-0.08838834764831843,-0.25712973861329,-0.08838834764831843,-0.20080483222562467,-0.08838834764831845,-0.08838834764831845,-0.08838834764831845,-0.08838834764831845,-0.08838834764831843,-0.12549116102763172,-0.17888543819998318,-0.08838834764831843,-0.08838834764831843,-0.12549116102763172,-0.08838834764831843,-0.08838834764831843,-0.3053200599093529,-0.36273812505500586,-0.08838834764831843,-0.08838834764831843,-0.12549116102763172,-0.12549116102763172,-0.08838834764831843,-0.08838834764831845,-0.08838834764831843,-0.1543033499620919,2.5667557916789914,-0.08838834764831843,-0.08838834764831843,-0.08838834764831845,-0.08838834764831845,-0.08838834764831845,-0.08838834764831843,-0.08838834764831843,-0.08838834764831845,-0.08838834764831843,-0.08838834764831843,-0.23953506879020425,-0.2008048322256247,-0.12549116102763172,-0.08838834764831843,-0.08838834764831843,-0.12549116102763172,-0.08838834764831845,-0.08838834764831845,-0.08838834764831845,-0.08838834764831843,-0.1254911610276317,-0.08838834764831843,-0.1543033499620919,-0.3762883473534389,0.5265241901112212,-0.04985875921701273
-0.16281141290890502,-0.8285526434301282,-0.4566863471540544,-0.08838834764831843,-0.25712973861329,-0.08838834764831843,-0.20080483222562467,-0.08838834764831845,-0.08838834764831845,-0.08838834764831845,-0.08838834764831845,-0.08838834764831843,-0.12549116102763172,-0.17888543819998318,-0.08838834764831843,-0.08838834764831843,-0.12549116102763172,-0.08838834764831843,-0.08838834764831843,-0.3053200599093529,-0.36273812505500586,-0.08838834764831843,-0.08838834764831843,-0.12549116102763172,-0.12549116102763172,-0.08838834764831843,-0.08838834764831845,-0.08838834764831843,-0.1543033499620919,2.5667557916789914,-0.08838834764831843,-0.08838834764831843,-0.08838834764831845,-0.08838834764831845,-0.08838834764831845,-0.08838834764831843,-0.08838834764831843,-0.08838834764831845,-0.08838834764831843,-0.08838834764831843,-0.23953506879020425,-0.2008048322256247,-0.12549116102763172,-0.08838834764831843,-0.08838834764831843,-0.12549116102763172,-0.08838834764831845,-0.08838834764831845,-0.08838834764831845,-0.08838834764831843,-0.1254911610276317,-0.08838834764831843,-0.1543033499620919,-0.3762883473534389,0.5265241901112212,-0.046585063000978914
-0.16281141290890502,-0.739091843260648,-0.4844135482830845,-0.08838834764831843,-0.25712973861329,-0.08838834764831843,-0.20080483222562467,-0.08838834764831845,-0.08838834764831845,-0.08838834764831845,-0.08838834764831845,-0.08838834764831843,-0.12549116102763172,-0.17888543819998318,-0.08838834764831843,-0.08838834764831843,-0.12549116102763172,-0.08838834764831843,-0.08838834764831843,-0.3053200599093529,-0.36273812505500586,-0.08838834764831843,-0.08838834764831843,-0.12549116102763172,-0.12549116102763172,-0.08838834764831843,-0.08838834764831845,-0.08838834764831843,-0.1543033499620919,2.5667557916789914,-0.08838834764831843,-0.08838834764831843,-0.08838834764831845,-0.08838834764831845,-0.08838834764831845,-0.08838834764831843,-0.08838834764831843,-0.08838834764831845,-0.08838834764831843,-0.08838834764831843,-0.23953506879020425,-0.2008048322256247,-0.12549116102763172,-0.08838834764831843,-0.08838834764831843,-0.12549116102763172,-0.08838834764831845,-0.08838834764831845,-0.08838834764831845,-0.08838834764831843,-0.1254911610276317,-0.08838834764831843,-0.1543033499620919,-0.3762883473534389,-1.899247971472619,-0.046585063000978914
-0.13750698849294232,-0.8732830435148684,-0.5176861896379208,-0.08838834764831843,-0.25712973861329,-0.08838834764831843,-0.20080483222562467,-0.08838834764831845,-0.08838834764831845,-0.08838834764831845,-0.08838834764831845,-0.08838834764831843,-0.12549116102763172,-0.17888543819998318,-0.08838834764831843,-0.08838834764831843,-0.12549116102763172,-0.08838834764831843,-0.08838834764831843,-0.3053200599093529,-0.36273812505500586,-0.08838834764831843,-0.08838834764831843,-0.12549116102763172,-0.12549116102763172,-0.08838834764831843,-0.08838834764831845,-0.08838834764831843,-0.1543033499620919,2.5667557916789914,-0.08838834764831843,-0.08838834764831843,-0.08838834764831845,-0.08838834764831845,-0.08838834764831845,-0.08838834764831843,-0.08838834764831843,-0.08838834764831845,-0.08838834764831843,-0.08838834764831843,-0.23953506879020425,-0.2008048322256247,-0.12549116102763172,-0.08838834764831843,-0.08838834764831843,-0.12549116102763172,-0.08838834764831845,-0.08838834764831845,-0.08838834764831845,-0.08838834764831843,-0.1254911610276317,-0.08838834764831843,-0.1543033499620919,-0.3762883473534389,0.5265241901112212,3.230384849248867
-0.16281141290890502,-0.8061874433877582,-0.44005002647663627,-0.08838834764831843,-0.25712973861329,-0.08838834764831843,-0.20080483222562467,-0.08838834764831845,-0.08838834764831845,-0.08838834764831845,-0.08838834764831845,-0.08838834764831843,-0.12549116102763172,-0.17888543819998318,-0.08838834764831843,-0.08838834764831843,-0.12549116102763172,-0.08838834764831843,-0.08838834764831843,-0.3053200599093529,-0.36273812505500586,-0.08838834764831843,-0.08838834764831843,-0.12549116102763172,-0.12549116102763172,-0.08838834764831843,-0.08838834764831845,-0.08838834764831843,-0.1543033499620919,2.5667557916789914,-0.08838834764831843,-0.08838834764831843,-0.08838834764831845,-0.08838834764831845,-0.08838834764831845,-0.08838834764831843,-0.08838834764831843,-0.08838834764831845,-0.08838834764831843,-0.08838834764831843,-0.23953506879020425,-0.2008048322256247,-0.12549116102763172,-0.08838834764831843,-0.08838834764831843,-0.12549116102763172,-0.08838834764831845,-0.08838834764831845,-0.08838834764831845,-0.08838834764831843,-0.1254911610276317,-0.08838834764831843,-0.1543033499620919,-0.3762883473534389,-1.899247971472619,-0.046585063000978914
-0.16281141290890502,-0.8285526434301282,-0.5398679505411449,-0.08838834764831843,-0.25712973861329,-0.08838834764831843,-0.20080483222562467,-0.08838834764831845,-0.08838834764831845,-0.08838834764831845,-0.08838834764831845,-0.08838834764831843,-0.12549116102763172,-0.17888543819998318,-0.08838834764831843,-0.08838834764831843,-0.12549116102763172,-0.08838834764831843,-0.08838834764831843,-0.3053200599093529,-0.36273812505500586,-0.08838834764831843,-0.08838834764831843,-0.12549116102763172,-0.12549116102763172,-0.08838834764831843,-0.08838834764831845,-0.08838834764831843,-0.1543033499620919,2.5667557916789914,-0.08838834764831843,-0.08838834764831843,-0.08838834764831845,-0.08838834764831845,-0.08838834764831845,-0.08838834764831843,-0.08838834764831843,-0.08838834764831845,-0.08838834764831843,-0.08838834764831843,-0.23953506879020425,-0.2008048322256247,-0.12549116102763172,-0.08838834764831843,-0.08838834764831843,-0.12549116102763172,-0.08838834764831845,-0.08838834764831845,-0.08838834764831845,-0.08838834764831843,-0.1254911610276317,-0.08838834764831843,-0.1543033499620919,-0.3762883473534389,0.5265241901112212,-0.046585063000978914
-0.16281141290890502,-0.8285526434301282,-0.545413390766951,-0.08838834764831843,3.8890872965260117,-0.08838834764831843,-0.20080483222562467,-0.08838834764831845,-0.08838834764831845,-0.08838834764831845,-0.08838834764831845,-0.08838834764831843,-0.12549116102763172,-0.17888543819998318,-0.08838834764831843,-0.08838834764831843,-0.12549116102763172,-0.08838834764831843,-0.08838834764831843,-0.3053200599093529,-0.36273812505500586,-0.08838834764831843,-0.08838834764831843,-0.12549116102763172,-0.12549116102763172,-0.08838834764831843,-0.08838834764831845,-0.08838834764831843,-0.1543033499620919,-0.3895968612369898,-0.08838834764831843,-0.08838834764831843,-0.08838834764831845,-0.08838834764831845,-0.08838834764831845,-0.08838834764831843,-0.08838834764831843,-0.08838834764831845,-0.08838834764831843,-0.08838834764831843,-0.23953506879020425,-0.2008048322256247,-0.12549116102763172,-0.08838834764831843,-0.08838834764831843,-0.12549116102763172,-0.08838834764831845,-0.08838834764831845,-0.08838834764831845,-0.08838834764831843,-0.1254911610276317,-0.08838834764831843,-0.1543033499620919,-0.3762883473534389,0.5265241901112212,-0.046585063000978914
-0.16281141290890502,-0.8732830435148684,-0.5731405918959811,-0.08838834764831843,3.8890872965260117,-0.08838834764831843,-0.20080483222562467,-0.08838834764831845,-0.08838834764831845,-0.08838834764831845,-0.08838834764831845,-0.08838834764831843,-0.12549116102763172,-0.17888543819998318,-0.08838834764831843,-0.08838834764831843,-0.12549116102763172,-0.08838834764831843,-0.08838834764831843,-0.3053200599093529,-0.36273812505500586,-0.08838834764831843,-0.08838834764831843,-0.12549116102763172,-0.12549116102763172,-0.08838834764831843,-0.08838834764831845,-0.08838834764831843,-0.1543033499620919,-0.3895968612369898,-0.08838834764831843,-0.08838834764831843,-0.08838834764831845,-0.08838834764831845,-0.08838834764831845,-0.08838834764831843,-0.08838834764831843,-0.08838834764831845,-0.08838834764831843,-0.08838834764831843,-0.23953506879020425,-0.2008048322256247,-0.12549116102763172,-0.08838834764831843,-0.08838834764831843,-0.12549116102763172,-0.08838834764831845,-0.08838834764831845,-0.08838834764831845,-0.08838834764831843,-0.1254911610276317,-0.08838834764831843,-0.1543033499620919,-0.3762883473534389,0.5265241901112212,-0.046585063000978914
-0.16281141290890502,-0.8509178434724983,-0.5897769125733993,-0.08838834764831843,3.8890872965260117,-0.08838834764831843,-0.20080483222562467,-0.08838834764831845,-0.08838834764831845,-0.08838834764831845,-0.08838834764831845,-0.08838834764831843,-0.12549116102763172,-0.17888543819998318,-0.08838834764831843,-0.08838834764831843,-0.12549116102763172,-0.08838834764831843,-0.08838834764831843,-0.3053200599093529,-0.36273812505500586,-0.08838834764831843,-0.08838834764831843,-0.12549116102763172,-0.12549116102763172,-0.08838834764831843,-0.08838834764831845,-0.08838834764831843,-0.1543033499620919,-0.3895968612369898,-0.08838834764831843,-0.08838834764831843,-0.08838834764831845,-0.08838834764831845,-0.08838834764831845,-0.08838834764831843,-0.08838834764831843,-0.08838834764831845,-0.08838834764831843,-0.08838834764831843,-0.23953506879020425,-0.2008048322256247,-0.12549116102763172,-0.08838834764831843,-0.08838834764831843,-0.12549116102763172,-0.08838834764831845,-0.08838834764831845,-0.08838834764831845,-0.08838834764831843,-0.1254911610276317,-0.08838834764831843,-0.1543033499620919,-0.3762883473534389,-1.899247971472619,-0.046585063000978914
-0.13750698849294232,-0.8061874433877582,-0.5287770700895328,-0.08838834764831843,3.8890872965260117,-0.08838834764831843,-0.20080483222562467,-0.08838834764831845,-0.08838834764831845,-0.08838834764831845,-0.08838834764831845,-0.08838834764831843,-0.12549116102763172,-0.17888543819998318,-0.08838834764831843,-0.08838834764831843,-0.12549116102763172,-0.08838834764831843,-0.08838834764831843,-0.3053200599093529,-0.36273812505500586,-0.08838834764831843,-0.08838834764831843,-0.12549116102763172,-0.12549116102763172,-0.08838834764831843,-0.08838834764831845,-0.08838834764831843,-0.1543033499620919,-0.3895968612369898,-0.08838834764831843,-0.08838834764831843,-0.08838834764831845,-0.08838834764831845,-0.08838834764831845,-0.08838834764831843,-0.08838834764831843,-0.08838834764831845,-0.08838834764831843,-0.08838834764831843,-0.23953506879020425,-0.2008048322256247,-0.12549116102763172,-0.08838834764831843,-0.08838834764831843,-0.12549116102763172,-0.08838834764831845,-0.08838834764831845,-0.08838834764831845,-0.08838834764831843,-0.1254911610276317,-0.08838834764831843,-0.1543033499620919,-0.3762883473534389,0.5265241901112212,-0.04549310368333485
-0.18811583732486772,-0.8732830435148684,-0.6285949941540415,-0.08838834764831843,-0.25712973861329,-0.08838834764831843,-0.20080483222562467,-0.08838834764831845,-0.08838834764831845,-0.08838834764831845,-0.08838834764831845,-0.08838834764831843,-0.12549116102763172,-0.17888543819998318,-0.08838834764831843,-0.08838834764831843,-0.12549116102763172,-0.08838834764831843,-0.08838834764831843,-0.3053200599093529,-0.36273812505500586,-0.08838834764831843,-0.08838834764831843,-0.12549116102763172,-0.12549116102763172,-0.08838834764831843,-0.08838834764831845,-0.08838834764831843,-0.1543033499620919,-0.3895968612369898,11.31370849898476,-0.08838834764831843,-0.08838834764831845,-0.08838834764831845,-0.08838834764831845,-0.08838834764831843,-0.08838834764831843,-0.08838834764831845,-0.08838834764831843,-0.08838834764831843,-0.23953506879020425,-0.2008048322256247,-0.12549116102763172,-0.08838834764831843,-0.08838834764831843,-0.12549116102763172,-0.08838834764831845,-0.08838834764831845,-0.08838834764831845,-0.08838834764831843,-0.1254911610276317,-0.08838834764831843,-0.1543033499620919,-0.3762883473534389,0.5265241901112212,-3.3235549752508255
-0.16281141290890502,-0.8285526434301282,-0.5287770700895328,-0.08838834764831843,-0.25712973861329,11.31370849898476,-0.20080483222562467,-0.08838834764831845,-0.08838834764831845,-0.08838834764831845,-0.08838834764831845,-0.08838834764831843,-0.12549116102763172,-0.17888543819998318,-0.08838834764831843,-0.08838834764831843,-0.12549116102763172,-0.08838834764831843,-0.08838834764831843,-0.3053200599093529,-0.36273812505500586,-0.08838834764831843,-0.08838834764831843,-0.12549116102763172,-0.12549116102763172,-0.08838834764831843,-0.08838834764831845,-0.08838834764831843,-0.1543033499620919,-0.3895968612369898,-0.08838834764831843,-0.08838834764831843,-0.08838834764831845,-0.08838834764831845,-0.08838834764831845,-0.08838834764831843,-0.08838834764831843,-0.08838834764831845,-0.08838834764831843,-0.08838834764831843,-0.23953506879020425,-0.2008048322256247,-0.12549116102763172,-0.08838834764831843,-0.08838834764831843,-0.12549116102763172,-0.08838834764831845,-0.08838834764831845,-0.08838834764831845,-0.08838834764831843,-0.1254911610276317,-0.08838834764831843,-0.1543033499620919,-0.3762883473534389,0.5265241901112212,-0.046585063000978914
-0.13750698849294232,-0.8061874433877582,-0.550958830992757,-0.08838834764831843,-0.25712973861329,-0.08838834764831843,-0.20080483222562467,-0.08838834764831845,-0.08838834764831845,-0.08838834764831845,-0.08838834764831845,-0.08838834764831843,-0.12549116102763172,-0.17888543819998318,-0.08838834764831843,-0.08838834764831843,-0.12549116102763172,-0.08838834764831843,-0.08838834764831843,-0.3053200599093529,-0.36273812505500586,-0.08838834764831843,-0.08838834764831843,-0.12549116102763172,-0.12549116102763172,-0.08838834764831843,-0.08838834764831845,-0.08838834764831843,-0.1543033499620919,2.5667557916789914,-0.08838834764831843,-0.08838834764831843,-0.08838834764831845,-0.08838834764831845,-0.08838834764831845,-0.08838834764831843,-0.08838834764831843,-0.08838834764831845,-0.08838834764831843,-0.08838834764831843,-0.23953506879020425,-0.2008048322256247,-0.12549116102763172,-0.08838834764831843,-0.08838834764831843,-0.12549116102763172,-0.08838834764831845,-0.08838834764831845,-0.08838834764831845,-0.08838834764831843,-0.1254911610276317,-0.08838834764831843,-0.1543033499620919,2.6575364531836625,-1.899247971472619,-0.04549310368333485
-0.13750698849294232,-0.716726643218278,-0.5121407494121147,-0.08838834764831843,-0.25712973861329,-0.08838834764831843,-0.20080483222562467,-0.08838834764831845,-0.08838834764831845,-0.08838834764831845,-0.08838834764831845,-0.08838834764831843,-0.12549116102763172,-0.17888543819998318,-0.08838834764831843,-0.08838834764831843,-0.12549116102763172,-0.08838834764831843,-0.08838834764831843,-0.3053200599093529,-0.36273812505500586,-0.08838834764831843,-0.08838834764831843,-0.12549116102763172,-0.12549116102763172,-0.08838834764831843,-0.08838834764831845,-0.08838834764831843,-0.1543033499620919,2.5667557916789914,-0.08838834764831843,-0.08838834764831843,-0.08838834764831845,-0.08838834764831845,-0.08838834764831845,-0.08838834764831843,-0.08838834764831843,-0.08838834764831845,-0.08838834764831843,-0.08838834764831843,-0.23953506879020425,-0.2008048322256247,-0.12549116102763172,-0.08838834764831843,-0.08838834764831843,-0.12549116102763172,-0.08838834764831845,-0.08838834764831845,-0.08838834764831845,-0.08838834764831843,-0.1254911610276317,-0.08838834764831843,-0.1543033499620919,2.6575364531836625,-1.899247971472619,-0.046116991309470584
-0.13750698849294324,-0.8509178434724983,-0.5953223527992053,-0.08838834764831843,3.8890872965260117,-0.08838834764831843,-0.20080483222562467,-0.08838834764831845,-0.08838834764831845,-0.08838834764831845,-0.08838834764831845,-0.08838834764831843,-0.12549116102763172,-0.17888543819998318,-0.08838834764831843,-0.08838834764831843,-0.12549116102763172,-0.08838834764831843,-0.08838834764831843,-0.3053200599093529,-0.36273812505500586,-0.08838834764831843,-0.08838834764831843,-0.12549116102763172,-0.12549116102763172,-0.08838834764831843,-0.08838834764831845,-0.08838834764831843,-0.1543033499620919,-0.3895968612369898,-0.08838834764831843,-0.08838834764831843,-0.08838834764831845,-0.08838834764831845,-0.08838834764831845,-0.08838834764831843,-0.08838834764831843,-0.08838834764831845,-0.08838834764831843,-0.08838834764831843,-0.23953506879020425,-0.2008048322256247,-0.12549116102763172,-0.08838834764831843,-0.08838834764831843,-0.12549116102763172,-0.08838834764831845,-0.08838834764831845,-0.08838834764831845,-0.08838834764831843,-0.1254911610276317,-0.08838834764831843,-0.1543033499620919,2.6575364531836625,-1.899247971472619,-0.04331136678494522
4.84746462145164,-0.22469224228613652,-0.12395993360569216,-0.08838834764831843,3.8890872965260117,-0.08838834764831843,-0.20080483222562467,-0.08838834764831845,-0.08838834764831845,-0.08838834764831845,-0.08838834764831845,-0.08838834764831843,-0.12549116102763172,-0.17888543819998318,-0.08838834764831843,-0.08838834764831843,-0.12549116102763172,-0.08838834764831843,-0.08838834764831843,-0.3053200599093529,-0.36273812505500586,-0.08838834764831843,-0.08838834764831843,-0.12549116102763172,-0.12549116102763172,-0.08838834764831843,-0.08838834764831845,-0.08838834764831843,-0.1543033499620919,-0.3895968612369898,-0.08838834764831843,-0.08838834764831843,-0.08838834764831845,-0.08838834764831845,-0.08838834764831845,-0.08838834764831843,-0.08838834764831843,-0.08838834764831845,-0.08838834764831843,-0.08838834764831843,-0.23953506879020425,-0.2008048322256247,-0.12549116102763172,-0.08838834764831843,-0.08838834764831843,-0.12549116102763172,-0.08838834764831845,-0.08838834764831845,-0.08838834764831845,-0.08838834764831843,-0.1254911610276317,-0.08838834764831843,-0.1543033499620919,2.6575364531836625,-1.899247971472619,-0.024212039911241993
-5.147783022853487,-0.8509178434724983,-0.6701857958475868,-0.08838834764831843,3.8890872965260117,-0.08838834764831843,-0.20080483222562467,-0.08838834764831845,-0.08838834764831845,-0.08838834764831845,-0.08838834764831845,-0.08838834764831843,-0.12549116102763172,-0.17888543819998318,-0.08838834764831843,-0.08838834764831843,-0.12549116102763172,-0.08838834764831843,-0.08838834764831843,-0.3053200599093529,-0.36273812505500586,-0.08838834764831843,-0.08838834764831843,-0.12549116102763172,-0.12549116102763172,-0.08838834764831843,-0.08838834764831845,-0.08838834764831843,-0.1543033499620919,-0.3895968612369898,-0.08838834764831843,-0.08838834764831843,-0.08838834764831845,-0.08838834764831845,-0.08838834764831845,-0.08838834764831843,-0.08838834764831843,-0.08838834764831845,-0.08838834764831843,-0.08838834764831843,-0.23953506879020425,-0.2008048322256247,-0.12549116102763172,-0.08838834764831843,-0.08838834764831843,-0.12549116102763172,-0.08838834764831845,-0.08838834764831845,-0.08838834764831845,-0.08838834764831843,-0.1254911610276317,-0.08838834764831843,-0.1543033499620919,2.6575364531836625,-1.899247971472619,-0.6915032175596311
-0.11220256407698051,-0.8061874433877582,-0.5897769125733993,-0.08838834764831843,3.8890872965260117,-0.08838834764831843,-0.20080483222562467,-0.08838834764831845,-0.08838834764831845,-0.08838834764831845,-0.08838834764831845,-0.08838834764831843,-0.12549116102763172,-0.17888543819998318,-0.08838834764831843,-0.08838834764831843,-0.12549116102763172,-0.08838834764831843,-0.08838834764831843,-0.3053200599093529,-0.36273812505500586,-0.08838834764831843,-0.08838834764831843,-0.12549116102763172,-0.12549116102763172,-0.08838834764831843,-0.08838834764831845,-0.08838834764831843,-0.1543033499620919,-0.3895968612369898,-0.08838834764831843,-0.08838834764831843,-0.08838834764831845,-0.08838834764831845,-0.08838834764831845,-0.08838834764831843,-0.08838834764831843,-0.08838834764831845,-0.08838834764831843,-0.08838834764831843,-0.23953506879020425,-0.2008048322256247,-0.12549116102763172,-0.08838834764831843,-0.08838834764831843,-0.12549116102763172,-0.08838834764831845,-0.08838834764831845,-0.08838834764831845,-0.08838834764831843,-0.1254911610276317,-0.08838834764831843,-0.1543033499620919,2.6575364531836625,-1.899247971472619,-0.04440114436569082
